,A,B,C,D
2000-01-01,0.1302870879229168,-0.3308066075295191,0.22744807824973678,-0.356873224945404
2000-01-02,1.064795633732189,0.6775333083143236,0.3638013736584137,-1.4572551877455786
2000-01-03,0.9889398231393748,1.0898527487479956,0.4366310912366437,-1.7989302712305684
2000-01-04,0.027964284221625557,1.1374173635818083,-0.6672955388617895,-1.715170074607299
2000-01-05,1.6516393024176566,1.1198509964137575,-1.00888923132736,-2.681945565481934
2000-01-06,1.4035962039619732,1.5137295151395938,-0.7987817947667266,-2.4304911949913235
2000-01-07,1.1670028769710292,1.575822742412926,-1.7464381376892322,-2.4892809928238875
2000-01-08,0.10148410486406845,2.900186298884922,-1.5685145203256867,-3.8696347285738684
2000-01-09,-0.8552273247209744,1.7845593064043748,-2.4920276469157554,-3.685736870578094
2000-01-10,-1.7828834190318907,1.3846448626009886,-3.109551371030894,-4.5759559381249755
2000-01-11,-0.6944383843021236,2.2369746197429583,-2.6799005074174005,-5.596611296282465
2000-01-12,-2.998625103493052,2.261651588745837,-2.2463078595261203,-7.33068458061733
2000-01-13,-3.342054904659073,3.4499140591911903,-1.633956843276069,-6.669682948397618
2000-01-14,-3.6294496691179337,4.76817076963209,-2.2385240360474907,-6.873800999754742
2000-01-15,-1.8172375351037267,4.155310287443189,-2.3664350522057975,-6.184537676949597
2000-01-16,-1.517252012277958,3.962903445723607,-3.409070854628869,-8.6082665619139
2000-01-17,0.14692968926177663,3.9585432398451297,-2.7018871376348157,-8.99346139097386
2000-01-18,0.2589568969383045,0.8455245426059586,-2.1123454918416567,-9.415712889577515
2000-01-19,-0.027261176996256187,1.740217394240339,-2.4914914350367967,-10.749965278855028
2000-01-20,-1.2657927218460854,2.678693130366177,-2.182883660502865,-12.004868580488962
2000-01-21,-1.8110482870705193,2.507157062213265,-1.521472527056087,-12.85296609872395
2000-01-22,-2.165777565167545,2.6108940551940214,-1.3911864130958018,-11.810995449282366
2000-01-23,-2.17309825983414,2.7634439719403927,-2.0640742569023014,-12.628224752994313
2000-01-24,-1.2306449393975951,1.3721501799955802,-2.0902351180502867,-14.619103882929156
2000-01-25,-1.8878528021654248,-0.575145685021579,-3.761098979522096,-15.992797718692797
2000-01-26,-4.776626266667829,-1.2088994125399752,-2.6907917689035976,-13.84650629423075
2000-01-27,-5.650194920481332,-2.558488927147306,-3.013010617581629,-13.90850945290657
2000-01-28,-5.899392094278883,-2.6831725837193803,-2.4238713459943027,-14.955402491314832
2000-01-29,-4.952253266176475,-2.6506805949526204,-2.714382917169593,-14.525776322310314
2000-01-30,-5.200902719055704,-4.114994580277466,-4.714288273034631,-15.35328925436791
2000-01-31,-6.1138620494681275,-3.5229729349954937,-7.149177707031551,-15.683626419762058
2000-02-01,-5.751701590740291,-4.806739421436634,-6.1818461955465995,-16.287080554159097
2000-02-02,-6.760017659286972,-5.400770900853012,-6.706090193890955,-16.665056808774814
2000-02-03,-6.659177355419452,-6.085907094637937,-7.1416379528603695,-16.277014190623934
2000-02-04,-6.266486970095033,-5.259320610717402,-6.696262703006768,-16.82982732907861
2000-02-05,-6.3493510558058155,-4.159524378770327,-6.589664000558556,-16.625239398470875
2000-02-06,-5.706415369312655,-5.760612381019926,-6.806257308984962,-14.844809375481573
2000-02-07,-7.653938671669614,-6.877624072005425,-5.457828548834744,-13.656442815726008
2000-02-08,-9.144137495362575,-7.9523378327709615,-5.786778635898229,-12.93987500583999
2000-02-09,-8.7402634697509,-8.999331587828227,-5.477361414043404,-12.888366820649503
2000-02-10,-8.152219630222127,-9.852611382257054,-7.187077485571547,-12.040493882435822
2000-02-11,-7.964534964657712,-9.280516239559315,-5.543525064034157,-11.932282993821063
2000-02-12,-8.661223600020667,-10.489497031118546,-6.836961053270427,-12.206692294990848
2000-02-13,-8.035131477518975,-9.930254846071193,-8.066603082495268,-12.014389802130504
2000-02-14,-7.177078543255281,-10.675257329368486,-9.331618163969123,-13.115276115465027
2000-02-15,-6.737587426700649,-10.091224404420181,-9.97186266140505,-13.93460902336368
2000-02-16,-7.401147867869799,-11.919295491826103,-10.460862280865221,-13.549522008359672
2000-02-17,-8.951943669891683,-13.061226195894125,-11.000903588570516,-13.983815359236385
2000-02-18,-9.898280294458125,-12.969519004432629,-9.537639129509113,-14.002720272770754
2000-02-19,-9.603667227888117,-13.905349525471536,-8.120066355078404,-14.106500990857834
2000-02-20,-10.381981309054611,-14.365401024767756,-7.370798789742177,-14.418625284321426
2000-02-21,-8.814590271045315,-13.565095775908064,-9.451027743476642,-13.1179604668552
2000-02-22,-10.544368464704261,-14.277968043903034,-9.754901684642295,-14.20697615837295
2000-02-23,-11.069940782819108,-14.895244540253616,-10.482413375927097,-13.846572887814824
2000-02-24,-11.87553720323401,-13.62916313902084,-10.470538564295325,-12.421706832736598
2000-02-25,-13.130587850144058,-13.610942047028262,-10.61636490990677,-11.527587996130757
2000-02-26,-14.165991554758378,-14.0636166379139,-11.692685680685688,-12.493110066801535
2000-02-27,-12.520383810779755,-17.113759493245094,-12.333154173973453,-13.575724550173025
2000-02-28,-10.10433378490339,-17.524049215784633,-11.62787573677988,-12.874562890551045
2000-02-29,-10.030766915917512,-16.886802441624102,-11.916242040964521,-12.960411152740967
2000-03-01,-10.626962053919828,-17.3629733090544,-12.440431352253844,-12.302204651894826
2000-03-02,-10.057401797561122,-18.10081475844663,-11.679793542230739,-10.96839959854474
2000-03-03,-10.64244167776475,-18.222955674039785,-12.161858121449226,-10.658543040922668
2000-03-04,-11.075929155053588,-16.729314042762343,-12.724398328609855,-11.254870640500789
2000-03-05,-13.103798639475379,-16.22566141324625,-13.485364387433961,-12.92300412776123
2000-03-06,-13.044148331440107,-15.898853724360357,-14.9025749787572,-13.365212369991257
2000-03-07,-14.875122429521118,-14.613914239264712,-14.36626220813555,-12.379027572130585
2000-03-08,-16.164651804420398,-14.044849967758342,-12.877760212362459,-12.714744720621306
2000-03-09,-16.706218137993197,-13.843485019377557,-11.807282805648876,-13.50340093390706
2000-03-10,-15.942824550118535,-14.306911015238342,-12.020780919663233,-13.688505553085367
2000-03-11,-16.061661748765584,-13.725529416555476,-11.709233826051898,-14.72261111663655
2000-03-12,-17.832417814696267,-13.347088269803317,-12.480478351908964,-15.730853352654172
2000-03-13,-18.400182879283523,-11.65270498159052,-12.650765464123927,-17.183944422294083
2000-03-14,-18.43494825607008,-10.080032925646972,-13.655943377602483,-18.520377601941536
2000-03-15,-18.991455031575057,-10.684310908378947,-14.515191622265023,-18.724054478442195
2000-03-16,-18.198027566868063,-10.99998972728325,-16.291378319079982,-19.03705690243683
2000-03-17,-18.35053810661207,-11.154585493043081,-15.653272142272751,-17.81499587218627
2000-03-18,-18.274899804869648,-12.447542297883357,-15.348778917398063,-16.868597926878408
2000-03-19,-18.232082860178842,-11.079552296263376,-14.270382211946043,-16.472235300308522
2000-03-20,-18.26096762075436,-11.13747461747748,-14.193350205072347,-16.632740989910115
2000-03-21,-19.09151299517783,-12.330786066446938,-13.33458351521384,-17.64902162062812
2000-03-22,-19.454865360563804,-11.877206940612634,-12.733642366877284,-18.203189245321415
2000-03-23,-20.307014752461352,-12.285084593089817,-13.188806902016427,-18.891619145326008
2000-03-24,-21.5501824484424,-13.027005136065117,-12.420977245397838,-19.476541154567865
2000-03-25,-22.224085001400987,-12.329602448360948,-12.559493721346948,-19.8221683276326
2000-03-26,-22.659810478859843,-10.660704826647558,-13.276545511406447,-19.211300395763285
2000-03-27,-21.34781248436885,-12.634769631211471,-12.245216136384201,-18.172327141350912
2000-03-28,-22.932896403109403,-14.41207015712473,-15.376573181532413,-19.047091908504218
2000-03-29,-22.714985088764365,-12.678627548323387,-16.261783049504043,-19.397763856291476
2000-03-30,-21.316649706705835,-12.509545592760386,-14.731451186148886,-19.988432950932452
2000-03-31,-20.953274276922322,-13.358547095759583,-13.754617640923074,-20.68285556734497
2000-04-01,-21.084356468751015,-12.705175189646242,-13.122084239085924,-19.420855191257214
2000-04-02,-21.712217036063315,-11.85249102939921,-13.224531160881565,-19.39492568018113
2000-04-03,-21.7292097346225,-10.983686890308148,-12.161969685197423,-20.91936419710735
2000-04-04,-20.753433820605423,-11.181535119264051,-11.64147860108092,-20.301350958102898
2000-04-05,-20.03917176299831,-11.988428334977545,-9.745822278676162,-20.85893552549365
2000-04-06,-21.493614327647048,-11.547920507481708,-10.124020647900494,-20.89613414269345
2000-04-07,-21.186176184686122,-12.382521112826549,-10.679867702079786,-21.343557710515483
2000-04-08,-20.03146490944913,-12.342536582320708,-9.011002011140043,-20.05600188125055
2000-04-09,-18.114345836672914,-12.654803556666625,-8.772091624903963,-19.302174393972162
2000-04-10,-17.306160077596264,-13.303325337876649,-8.856247906974385,-20.477724934375555
2000-04-11,-17.101775435734414,-12.34910394698599,-7.468944529517784,-21.020183596071682
2000-04-12,-16.611949378617282,-12.311592790491071,-8.674420624759357,-20.887327492376933
2000-04-13,-18.02380476014556,-11.876071424297331,-10.611666806214515,-21.712203257620928
2000-04-14,-18.091779324430522,-13.232557706903517,-9.38797693563811,-21.7689724949531
2000-04-15,-18.265120153566734,-15.67030318590235,-9.578004291122628,-19.959398064600105
2000-04-16,-18.381384629236575,-16.572217996954603,-9.829098769736051,-21.466262507057102
2000-04-17,-18.095728608824086,-15.454350490587462,-11.016680526893769,-21.56578282212557
2000-04-18,-19.083858705945122,-15.029411238824334,-11.358792485357974,-20.392079775888593
2000-04-19,-20.116822416534557,-15.015474106010423,-9.990335824032725,-20.872360405334266
2000-04-20,-18.861491181956524,-16.360267084425196,-10.820454203640296,-22.37900778945403
2000-04-21,-18.607248714382482,-15.593607765571765,-10.992161201440295,-21.76506063763556
2000-04-22,-19.228905972693415,-13.840123035931143,-10.815979682968138,-22.149780406089267
2000-04-23,-18.857639141126537,-13.857602249348691,-11.073164224476209,-22.000004947372435
2000-04-24,-19.831142408066388,-14.832608987421706,-9.413620643203508,-21.042400217084595
2000-04-25,-20.433653689937742,-14.091771358334029,-7.736564882176628,-19.598297381645516
2000-04-26,-18.92123629672752,-13.653845285620116,-8.033510997525516,-17.854600476112367
2000-04-27,-19.168260504045307,-13.841500236580123,-7.732414420949354,-16.429965914778954
2000-04-28,-18.756406818481302,-14.782309884707082,-6.088349066404866,-16.185956007015946
2000-04-29,-17.972994167692857,-14.21889204686141,-5.590793733289964,-18.31353093475444
2000-04-30,-16.97302330826748,-16.166073749724582,-6.087717528242272,-19.059339462039528
2000-05-01,-16.168988337758428,-15.695157018283727,-6.1576030338262715,-20.389806194097922
2000-05-02,-15.417011671998806,-17.098632640056614,-6.233177053598936,-22.30692621302431
2000-05-03,-14.768367494009015,-15.167967431274182,-7.643511041389628,-22.156066213842813
2000-05-04,-16.364934674538027,-16.978261803236265,-8.120226784677458,-20.676821056200573
2000-05-05,-14.919938414171027,-18.287833814212465,-8.850205499405005,-21.203556001120212
2000-05-06,-15.353473150123865,-20.672211875056643,-9.519035181566483,-23.680561896048197
2000-05-07,-17.330588648406188,-21.395668147509085,-8.594502897995755,-20.54261739511396
2000-05-08,-18.605154724245793,-20.258152880549783,-8.25634667102678,-21.41101682808712
2000-05-09,-19.716491292022592,-20.880231842989478,-9.955371787705046,-23.08575885438283
2000-05-10,-20.66400296509759,-21.40899346144523,-10.327017054648518,-25.051924952363255
2000-05-11,-22.611245806471505,-22.253452521366125,-10.967900310072565,-25.575730175698766
2000-05-12,-21.691613219766232,-21.397202044442068,-10.549176254770769,-25.219261905506517
2000-05-13,-20.742186418465188,-20.242964075064652,-9.686887455578043,-25.745758273026766
2000-05-14,-19.34450634386439,-20.85740279848296,-9.48202666400027,-27.048972792478995
2000-05-15,-18.182178420524323,-21.78654334867161,-10.122134352350496,-26.721468336036832
2000-05-16,-18.94922243840019,-21.623990061588064,-8.636556489191241,-27.012139483480055
2000-05-17,-19.130025931025646,-20.702064750786455,-8.908627770555034,-27.404011712067636
2000-05-18,-20.199128181623113,-19.739027695259416,-8.126352004997575,-25.782091590253476
2000-05-19,-18.83888174319115,-20.091328088965593,-8.04613371819735,-25.466366250335714
2000-05-20,-18.993873613699208,-19.952060751491633,-9.2527949224974,-27.841676961240605
2000-05-21,-17.557023773257043,-20.393682193562693,-9.617623431245345,-27.10052344105358
2000-05-22,-17.39215222270113,-20.47889598408683,-10.716198354625273,-26.299882782514103
2000-05-23,-18.964326717016686,-19.846663617942376,-10.785905700609275,-24.10216055333824
2000-05-24,-18.584571375091482,-19.256429164400448,-10.558721184829485,-24.889797153197026
2000-05-25,-18.21708111516836,-19.512266691622678,-10.202550599169605,-24.832785001486023
2000-05-26,-16.651603359342104,-19.30641449088326,-11.411690139584524,-23.55094384652542
2000-05-27,-15.891644380926758,-19.10931536567782,-12.186868693252656,-22.76659088748901
2000-05-28,-16.490842916744985,-18.6837960804894,-10.918858647425411,-22.76407332379751
2000-05-29,-16.99622175170003,-18.170843775260373,-11.150946159006418,-24.454596898184107
2000-05-30,-18.356190108631992,-18.745776383657823,-11.272255170121541,-24.111865988672665
2000-05-31,-18.557923251547027,-18.735158097554788,-11.056105537910025,-24.64767775971567
2000-06-01,-17.072510381684722,-19.526434946420597,-10.202756571561014,-24.34561179404785
2000-06-02,-19.439902670671785,-20.05013766821525,-9.450668546393008,-23.8791569036269
2000-06-03,-20.650789900539746,-19.012873649587405,-9.143997661314533,-22.504836972476344
2000-06-04,-21.515280163854573,-18.803490879476207,-9.502506010336695,-21.55928978166974
2000-06-05,-23.239748871529546,-19.974311378320724,-8.642135432445848,-21.03232093328245
2000-06-06,-23.45093592034099,-20.092691076332176,-8.074631982585661,-20.44039781614821
2000-06-07,-22.7263158177256,-20.856240333476173,-7.7020047768504085,-20.329029787833168
2000-06-08,-23.207519268812007,-22.908898701615183,-9.786367014209853,-20.85950072136649
2000-06-09,-24.907778153910684,-22.881324425191877,-9.362552378265995,-21.229485026235388
2000-06-10,-24.894762718113036,-22.909627412484266,-9.088631702711275,-20.575629661518988
2000-06-11,-23.49801323407998,-22.587689013226434,-8.579682204715505,-19.624094238094667
2000-06-12,-22.72693302766252,-23.11158515724876,-9.0230337665095,-19.79508586290193
2000-06-13,-21.1062923765604,-21.944361438441483,-9.528976018783126,-18.937451603822783
2000-06-14,-21.29607145118088,-21.86073839347183,-8.739677615672747,-20.702546892817622
2000-06-15,-22.14680282870185,-22.501669927053417,-8.51435953205426,-21.715812495673333
2000-06-16,-21.305864700559294,-22.82881611612853,-9.29659637979598,-21.842822555457115
2000-06-17,-19.97058236593686,-22.51175226817414,-10.41613867434415,-20.983779716541033
2000-06-18,-19.526424530872333,-20.525480262277622,-10.54847829088688,-19.44834050259375
2000-06-19,-19.694125520675367,-20.62077456476245,-10.513395209572028,-20.899480211994963
2000-06-20,-19.92237813815746,-19.432965736504865,-9.378515866690847,-22.0641895996091
2000-06-21,-20.57586049943427,-19.900209894240742,-7.587967228026726,-22.46186323744973
2000-06-22,-20.438899492370812,-19.036362187378952,-8.471187491914643,-20.242213881020188
2000-06-23,-19.115052107168257,-17.376824377343947,-8.147235141636665,-20.371440438922008
2000-06-24,-19.719144523083923,-17.555117090871548,-5.976190353938356,-19.749471168182236
2000-06-25,-18.178689221749952,-17.098446075849463,-5.8669989058502505,-20.483654910967815
2000-06-26,-17.755904550406306,-17.519671333199035,-5.289787451127907,-20.798310981113797
2000-06-27,-16.498970168074504,-17.74441519653726,-6.2380817808116245,-19.92523260289905
2000-06-28,-17.295207494544005,-18.989066343213658,-6.335620759608444,-19.695619733955297
2000-06-29,-18.430771731706717,-18.761361655454085,-5.796859772525228,-21.004059276602167
2000-06-30,-17.962179700201325,-20.346609908200165,-7.001145574211313,-21.761841278316595
2000-07-01,-16.738120350520656,-19.118167662169824,-7.023211572349151,-20.307816647592066
2000-07-02,-16.770424350446827,-18.597851755420024,-6.704461282105566,-20.31352209938179
2000-07-03,-15.867749417386682,-17.67374313342708,-6.015068125520202,-18.94452633345037
2000-07-04,-16.11430317454908,-17.717478779097654,-5.362199890014279,-19.0990411600976
2000-07-05,-16.646557784078357,-17.65313098808705,-4.94318272017213,-18.412207109843163
2000-07-06,-17.303660338826973,-17.566924892224133,-5.952984709458999,-17.619313571378672
2000-07-07,-18.06732729936164,-17.68686909242192,-4.866572322342616,-19.3221308855977
2000-07-08,-17.042648384205954,-18.119244074558672,-4.554276060166937,-19.513087033608045
2000-07-09,-17.983904385365236,-18.145280039912503,-3.647489146035417,-20.009178936479792
2000-07-10,-17.46964682456634,-19.281497497492186,-4.727575714420945,-18.806713699554166
2000-07-11,-18.64562674803182,-19.874213614873977,-4.5734889099281455,-16.120352924542157
2000-07-12,-17.709512635204625,-19.963394973438767,-4.94521178114136,-14.670642656328926
2000-07-13,-18.24870035672371,-19.593646566392916,-5.065104522561261,-11.689937498932577
2000-07-14,-18.508377989100907,-21.30776755074239,-4.102557539413096,-11.871911534452943
2000-07-15,-18.393370743407683,-22.027957389501537,-4.304747205900874,-11.149138759541776
2000-07-16,-18.3624108584843,-22.207421004412637,-4.149520973613881,-13.166052300134227
2000-07-17,-17.60048095054758,-21.480862352742797,-3.8892186296851476,-14.054266128596206
2000-07-18,-15.431617391827267,-23.09164174605482,-4.11729942272317,-13.430314585349203
2000-07-19,-14.683514858831781,-24.53541760761185,-4.734180508167601,-13.857869428637796
2000-07-20,-16.29974891217642,-25.89363787571679,-5.699622339532382,-13.624819847715811
2000-07-21,-15.323578711693587,-25.16162611368086,-6.375903757577895,-13.674915379731022
2000-07-22,-16.512432398133342,-25.333769400301254,-6.400395491158621,-12.955507789057872
2000-07-23,-17.952327468472184,-25.485595523073073,-6.78805937875753,-12.138013087493592
2000-07-24,-19.332105208003554,-25.116021604332037,-6.149893938356079,-11.796963290182422
2000-07-25,-19.479501474782047,-25.150412698111726,-6.606278756606435,-12.022225001588124
2000-07-26,-18.038301643310984,-26.20605818768352,-5.920807815904978,-12.244264377559526
2000-07-27,-17.86167688475812,-26.106816921547708,-5.925760126374571,-11.742533232695607
2000-07-28,-18.19331499397258,-25.576996378698276,-6.807510678559666,-10.688112410077858
2000-07-29,-18.166018088871066,-24.96408975065253,-6.756863987341664,-10.211385695003505
2000-07-30,-19.029058744911747,-24.443691456629765,-6.166076629633203,-12.039111737042102
2000-07-31,-18.667058335814186,-25.381592216841685,-5.638485337547601,-11.368051811411235
2000-08-01,-19.286579559868777,-24.171245507267006,-6.383211189722921,-10.7502185648304
2000-08-02,-19.96328997268375,-22.995834560443246,-7.050762842245145,-8.825330805682867
2000-08-03,-19.0955169401998,-21.425666128847173,-7.573570661890835,-9.50417298497259
2000-08-04,-18.96559257725251,-21.297653872690777,-7.2198397001710495,-8.297365983653734
2000-08-05,-17.431354824682234,-20.327114708014964,-7.158214873628496,-8.484433390917317
2000-08-06,-18.682144829604816,-21.018727415452723,-8.762773009733651,-8.016976091531381
2000-08-07,-19.108206179478337,-19.944850000267564,-8.794924904978467,-8.848419303845386
2000-08-08,-19.25659675430143,-20.45865248134269,-9.443732195443687,-9.714470497444443
2000-08-09,-19.327698973897924,-18.790617513420827,-8.740719433234139,-10.246389557507833
2000-08-10,-18.603895471862607,-20.0344090770846,-9.145516567200916,-9.740804690465259
2000-08-11,-18.20438231035325,-19.839911512545537,-9.183434899719671,-11.032814028483383
2000-08-12,-19.052071979455846,-20.234168407025106,-9.888713363854148,-11.650108701217613
2000-08-13,-17.745694343652254,-20.58875508502415,-8.623471902315416,-11.102905013017592
2000-08-14,-18.41552770257801,-22.68155573373885,-9.301930916787907,-11.018080740361906
2000-08-15,-17.575246978076308,-24.078807665272983,-9.299955554473906,-13.119053231476688
2000-08-16,-17.57029935294687,-23.571848619744603,-8.981776698466522,-14.927272213650548
2000-08-17,-17.778500716616495,-22.50287631340938,-8.960558521827695,-15.543192198072585
2000-08-18,-16.534508034779492,-22.353611081128893,-10.171497344499743,-15.74248406607843
2000-08-19,-17.548873560577636,-22.89875360827929,-10.12142783550588,-13.928065250282577
2000-08-20,-16.518287872663574,-21.941177508894906,-9.718370675673933,-14.77863681391462
2000-08-21,-15.94472874588091,-22.993212917968428,-8.792653589957284,-13.53692230289014
2000-08-22,-13.478982432852236,-23.75239832234791,-9.585457843986209,-13.034895918222608
2000-08-23,-14.758849579951935,-24.47121745657482,-9.85744186512618,-13.834428336776854
2000-08-24,-14.949846795512673,-21.837343444251957,-9.938626610298376,-15.224423553211865
2000-08-25,-15.170798823618592,-22.358030881245142,-9.740719458984366,-14.782536489059389
2000-08-26,-15.786362840963058,-20.185874023645507,-9.921513880221424,-14.721185890548284
2000-08-27,-15.973285254939935,-20.622691532279216,-10.352710295305881,-12.719800590279188
2000-08-28,-16.572368796563957,-20.169842548753007,-8.834204080514663,-11.87636225648477
2000-08-29,-17.984962071818,-20.437781678711396,-9.29575218505993,-11.76408434467912
2000-08-30,-17.59320564784457,-19.54788748946816,-9.240401582342518,-12.330490267346345
2000-08-31,-17.263088242313053,-20.750396846866586,-9.401620126237125,-12.2182220004657
2000-09-01,-17.610067503064133,-22.27546653579769,-9.128510037775238,-14.118427365193705
2000-09-02,-17.258720438719404,-20.582938836170577,-8.763690427529642,-13.190601066768421
2000-09-03,-16.9329858469016,-19.4311664087232,-7.18177548368778,-12.637064056767025
2000-09-04,-15.97030403482475,-20.792345481230893,-9.170884952388569,-12.526125676851084
2000-09-05,-15.929418271427815,-20.4679001277363,-9.455312692498863,-12.923556628019906
2000-09-06,-16.219340515134657,-19.27490693608624,-10.349194112360797,-13.889903603796629
2000-09-07,-17.021022163847743,-19.645394976280976,-10.241190895827017,-14.294508866529236
2000-09-08,-17.53003681107296,-19.68286243427373,-11.29597410910405,-14.940955775962916
2000-09-09,-18.312010975959975,-19.1638016511771,-10.464436419491351,-14.018944295988156
2000-09-10,-17.99781628229123,-18.379903039272964,-10.382450163278591,-14.267439409436754
2000-09-11,-17.984519270857522,-19.99317349909234,-11.099995664775342,-12.984152538313738
2000-09-12,-17.71340242952447,-21.114748260213222,-11.528133329928453,-12.406422510087417
2000-09-13,-18.25609042442627,-20.85063208207222,-11.396386274351347,-12.904218000622913
2000-09-14,-18.21522587274489,-20.998097371991456,-13.913983245088705,-10.933596187517901
2000-09-15,-19.024998384054935,-20.242619755723187,-12.832700045925431,-11.902589080078242
2000-09-16,-20.36925778413593,-19.61421209844371,-10.448426529327037,-11.620050222303336
2000-09-17,-20.894370690402646,-16.53218778548017,-11.497160773205975,-12.339952903347694
2000-09-18,-20.01385364252769,-16.117575911479918,-11.738149333038908,-10.973122095245229
2000-09-19,-19.249446491777412,-17.434988283851172,-13.284697959370659,-10.711906462010207
2000-09-20,-20.54340079036404,-17.05031108497159,-13.040366107928953,-9.252401648667345
2000-09-21,-21.620949042736257,-18.223698865631125,-12.823219710668955,-9.763059615446755
2000-09-22,-22.82701465497543,-17.01663829096192,-12.251748082957572,-10.41182159842604
2000-09-23,-25.271648603293798,-18.061982771955652,-11.563856345837937,-9.236151256003383
2000-09-24,-23.52500092175445,-16.319316658060615,-11.358047477244721,-9.31550212329384
2000-09-25,-23.79867943447929,-15.202747678076411,-10.60005938911631,-11.151876749625773
2000-09-26,-22.850635455258395,-15.574924683662594,-10.19650456167038,-12.074003734068098
2000-09-27,-21.488511970373107,-15.293904985209462,-9.460233058037689,-11.592453988062276
2000-09-28,-21.460075696471193,-16.58319182783827,-8.599919346937648,-12.958157784799122
2000-09-29,-21.856654850964336,-14.800571277611805,-7.578057584219781,-14.783660551784099
2000-09-30,-21.347607007324815,-14.054366486477635,-5.975042148506933,-14.96487724709627
2000-10-01,-20.005744708730735,-12.461444728586725,-5.199786759970582,-15.85512935211996
2000-10-02,-19.86440496744155,-12.871040533434698,-5.230282506168054,-17.456785867786902
2000-10-03,-18.988969111618385,-13.196846456561,-6.1191004265321975,-16.272892161917905
2000-10-04,-18.5758809004784,-11.93835329421909,-5.387521111173285,-17.90434799029517
2000-10-05,-19.397602469399757,-11.135658617782697,-6.205248102563916,-17.855134823847937
2000-10-06,-19.10725586268143,-9.360243513789968,-4.358640008639675,-16.934071766153814
2000-10-07,-18.38645116795101,-8.986592337296127,-4.080803126357641,-16.52611020503777
2000-10-08,-17.936677457615186,-8.713836595984496,-4.279994704731257,-17.79089718092516
2000-10-09,-19.60574621886863,-7.186875492985953,-3.4492547196200043,-17.022878104948916
2000-10-10,-18.554092682362388,-8.502265230259285,-5.227847573906554,-16.745658361025626
2000-10-11,-18.373673533411765,-8.970310055662159,-4.726474314318565,-16.806912576774817
2000-10-12,-17.46693343540982,-9.83968924462466,-5.332705542425615,-17.062105296561175
2000-10-13,-16.979870444199378,-9.157334101152529,-6.153186088794804,-18.352021910542938
2000-10-14,-17.439046286552987,-7.323943092429245,-5.317030003033728,-18.897378849240884
2000-10-15,-18.16124078529574,-6.4432617912161305,-6.801575815741582,-17.34244464983765
2000-10-16,-18.274266321626598,-6.702194808904216,-7.649359561933297,-17.020486465356104
2000-10-17,-18.88745978537527,-7.061964009902037,-8.156941495099082,-19.34939466595779
2000-10-18,-19.13331363521084,-6.0317387881901965,-9.347918876605265,-19.522564022359195
2000-10-19,-17.75502059906119,-4.571386265399817,-8.728801955313614,-20.939649474531805
2000-10-20,-19.93244438505675,-3.055469173434145,-7.904364679823263,-22.108047704048985
2000-10-21,-21.571498239301853,-1.1765069401920474,-5.925200978994198,-22.660107726131173
2000-10-22,-23.121585073685026,0.21401240428828427,-7.248777188424892,-22.703348876680174
2000-10-23,-23.327618195944275,0.7045701676889875,-8.112328613570343,-23.834119638318747
2000-10-24,-24.270552982544327,0.4630541929253105,-8.493666243947713,-22.171533418345973
2000-10-25,-24.218969599177015,0.8236004643085378,-9.167057709170063,-21.132889215281477
2000-10-26,-23.34263351032535,1.4381561193071968,-9.029553592399562,-20.794617763258373
2000-10-27,-22.183711529237712,1.2588198968073714,-10.293624305566775,-20.91159733042624
2000-10-28,-24.02614298900505,1.1670428588219544,-10.605642960444959,-22.881811764276705
2000-10-29,-24.94816278113798,1.3440444895233665,-9.4678971232195,-22.097556127077443
2000-10-30,-24.99185165526152,1.4780214682240862,-8.507911099312576,-22.476490349895982
2000-10-31,-24.556314756888405,0.6236287746366311,-8.561537539543604,-23.02977274828852
2000-11-01,-25.816252235328324,0.9928578580621679,-6.476353367752532,-22.76652206544959
2000-11-02,-25.432183503647117,0.41256893777156634,-6.123185054772075,-22.308442557303742
2000-11-03,-25.572957404501423,0.12997490080188973,-6.572494161104201,-19.508700632415042
2000-11-04,-27.16361378203144,-0.6572451664984229,-6.1774183073532445,-19.620753738400573
2000-11-05,-29.501848099599535,-0.6725875908839544,-4.4305712380300974,-20.17737413010153
2000-11-06,-30.77871286388549,-2.7302995375353674,-4.33879281272226,-21.12064223865011
2000-11-07,-29.688953182817126,-2.583506341578653,-6.033933628539627,-21.331055530570932
2000-11-08,-30.125571645336535,-2.5514883504928876,-6.108145824727668,-20.893404798281896
2000-11-09,-30.107206760792373,-3.036406421947041,-3.9431921328334085,-20.010882983387095
2000-11-10,-31.334983945166407,-2.7730146537228193,-4.688502094409164,-19.589114428889573
2000-11-11,-33.779995205290994,-1.9427268456957987,-6.191437331205728,-21.374122408459638
2000-11-12,-33.81616850259126,-1.2297976971114637,-6.724947403058937,-21.856041684648307
2000-11-13,-34.04483275181558,-1.0893029406655828,-6.1549227822894155,-19.840508435459725
2000-11-14,-34.33919866912786,-0.7330456331747817,-3.272745988732094,-19.410180953528048
2000-11-15,-34.44855074073216,-1.1638275742059216,-3.4886027739804244,-18.939986990403415
2000-11-16,-32.55181346082386,-2.8797021688165256,-5.129272357355479,-20.83270196100869
2000-11-17,-32.53117589337175,-1.4986345404380104,-3.971511893135078,-19.407506474768127
2000-11-18,-33.77942632209923,-1.8612894189257982,-4.071376871482564,-16.85080604072785
2000-11-19,-32.60964040568512,-1.7290741326492973,-5.361445246460837,-16.68557255874375
2000-11-20,-31.809081418979556,-1.6930597746140184,-6.611029559671689,-18.01839911277659
2000-11-21,-31.95373243262608,-2.8695362785437277,-7.1848633175407475,-15.904369132822572
2000-11-22,-31.53771844868693,-2.3470188649805594,-7.303261320745021,-15.756970297779215
2000-11-23,-31.841188886189386,-2.318086048759128,-7.332147716851336,-14.824285269509483
2000-11-24,-31.607646749625754,-4.610414912351555,-6.461158860557028,-14.476154822504718
2000-11-25,-31.464259806146952,-3.9903602430583525,-5.143639915352082,-13.491151093509155
2000-11-26,-32.1340753875316,-3.5373044599300996,-5.5077400977075195,-12.566914608444847
2000-11-27,-31.46018362666309,-2.542402232467249,-6.757021513428502,-12.681091852528185
2000-11-28,-31.286939878208592,-3.151795095811643,-5.832105747031083,-11.395075457568757
2000-11-29,-30.637035507223274,-2.336924204255493,-6.189114143695125,-12.435095333608617
2000-11-30,-29.978540558095833,-2.7278105997693767,-7.522274863688208,-10.951193257891685
2000-12-01,-29.667656135943197,-1.6019600587717089,-8.50838107249956,-12.087406224018284
2000-12-02,-28.078117317750472,-1.2451614385691396,-8.70489350711778,-13.088376346736695
2000-12-03,-27.58503797586689,-2.0753908186164387,-8.378419589963473,-11.488793329914374
2000-12-04,-26.43303039013895,-2.381009148219695,-8.495174911242852,-11.38489003094328
2000-12-05,-26.65171883144927,-1.7967328211938192,-8.78054607636666,-10.407531079095605
2000-12-06,-27.247131991367493,-0.9267876719014158,-7.274890021238605,-9.70361542346696
2000-12-07,-27.0791845798537,-1.7851011957769258,-6.506809540744705,-9.866428569808045
2000-12-08,-26.43747267720776,-2.0234775953159367,-6.199813765387445,-9.305489457512222
2000-12-09,-26.296730214231925,-3.0317760553696473,-4.903301010369869,-11.014631829408932
2000-12-10,-27.91281584203827,-3.159448431589679,-5.258337819515625,-12.902630990009671
2000-12-11,-28.345062363722494,-1.838872302820175,-4.081406994644068,-13.47401173634368
2000-12-12,-28.670556663645527,-2.408266204155039,-3.743214827251419,-13.180396031322909
2000-12-13,-29.835949146019562,-2.9496052284447756,-3.4797680044816737,-13.383143352754875
2000-12-14,-29.640020746818525,-4.991678421488045,-2.4877961323968534,-12.960231882187552
2000-12-15,-29.432848001699902,-4.5940057245790955,-2.456801016263458,-11.786582634591854
2000-12-16,-29.40778312569419,-4.341055149007277,-3.63820119545984,-11.665562211993526
2000-12-17,-30.341470480400297,-3.906106759772234,-3.222820268598905,-12.320953555885268
2000-12-18,-30.38996468598255,-3.364237237667278,-2.903855530804114,-13.763784638362837
2000-12-19,-30.14764187375128,-3.232283283641084,-4.68952050783648,-13.674317698934672
2000-12-20,-30.289959339214647,-3.4830559385332514,-4.6764215892500145,-13.555711091143777
2000-12-21,-30.12103384997628,-3.3681152050040803,-4.877550525831467,-13.339144500941432
2000-12-22,-27.891513967290127,-1.3079317733770286,-3.339762907354068,-13.554540940532748
2000-12-23,-27.91446078076465,-1.4862948293575606,-2.5878156773576224,-13.68812083220924
2000-12-24,-29.199541069969783,-2.5452204942143366,-1.55001675617158,-12.944107382027916
2000-12-25,-31.899750897261,-3.046948701609255,-0.653637763150271,-12.31041931897416
2000-12-26,-31.69441334232718,-3.131584662247989,-0.47162100791433437,-12.688355493040808
2000-12-27,-32.85387498204568,-1.2315891724153198,-2.0266156441790266,-13.372540908227325
2000-12-28,-32.72688531077501,0.14843844424268893,-2.2090348330943255,-14.20993005147613
2000-12-29,-32.57987065700936,-0.1671853879992467,-1.5013017051367545,-13.61826018837866
2000-12-30,-31.22668483490594,0.7563945133301702,-1.4735691708232657,-13.184835406952624
2000-12-31,-30.62550545628286,-0.8813464140188663,-1.08567203372245,-13.413984163709232
2001-01-01,-31.657429749709515,0.09464557074931379,-1.4998248041103357,-13.465313605991605
2001-01-02,-31.729500944032047,-1.0281814344628861,-2.7485420024505864,-14.105723942951252
2001-01-03,-31.402736108877797,-0.44724930151048825,-2.9558856576615846,-14.318817202146171
2001-01-04,-31.326980693037545,0.8423105521330224,-1.9691819229533172,-13.145276012968942
2001-01-05,-29.400398538476374,0.8260992894504924,-0.9391454183866976,-13.763026583914732
2001-01-06,-30.716754912969538,-0.17375569966333948,-1.1803529477560748,-13.936139745563315
2001-01-07,-31.68588353238043,-0.11982591655768722,-0.593891609758874,-13.169385116647145
2001-01-08,-30.9574705909995,-1.6582153349637243,1.2856303180072706,-11.344246521538713
2001-01-09,-30.465350692746075,-1.836025790835755,0.6216760254705823,-11.500383316429454
2001-01-10,-30.963320475756205,-1.0310555767737628,1.3122154904073366,-10.551226755969045
2001-01-11,-31.034408721608532,-1.8176787611551861,2.9032032216782406,-10.091958730297245
2001-01-12,-29.772358056553667,-2.3727818531220537,2.3997816531553147,-11.161670177726672
2001-01-13,-27.927082140416317,-0.3683532118692576,0.5145229684486747,-11.82429137525002
2001-01-14,-28.179798657238937,-1.5406320355882155,-0.87567625205959,-11.28511867981389
2001-01-15,-26.70215178135119,-0.902611540471573,-2.2115320561585476,-11.088697180570305
2001-01-16,-26.58556735131935,-0.5553756765638329,-2.473645019510797,-11.124304864259576
2001-01-17,-25.48544565730117,-2.255636071272092,-1.0074386615325657,-11.199596059400587
2001-01-18,-26.22315822951254,-1.4437176724856804,-1.9534954464710372,-11.95090104502687
2001-01-19,-25.130577450281258,-0.8395387544528828,-0.5458417425910558,-10.157900664171034
2001-01-20,-25.839694732152275,0.9964488795502259,-1.8536556620838867,-10.608265661119287
2001-01-21,-27.25211411803717,1.3408217439102275,-0.5327375057141044,-11.827391431725049
2001-01-22,-26.350145893984934,1.1547129258099134,0.6845401549875723,-11.202549409086206
2001-01-23,-26.785303615132236,1.2892291449681217,0.4904137879303162,-11.932781427957561
2001-01-24,-26.705468145246865,0.3440939320494847,0.9832250830798606,-10.166150179528398
2001-01-25,-25.913581608813764,-0.3749994319557095,2.1271265024263437,-9.054769807901733
2001-01-26,-27.52876312607116,-0.9689332761625657,2.8890574301024716,-9.53233742525874
2001-01-27,-26.209523086200257,-1.0109920839207927,5.2971128636742275,-11.110755515333281
2001-01-28,-26.745112415093764,-1.1045436381041753,5.334223344183636,-9.81815917838529
2001-01-29,-27.066661821060492,-2.325405363705836,5.150203148867823,-11.39624864762519
2001-01-30,-27.535310135551704,-4.9362484984732085,3.8480650885033807,-10.028497243299032
2001-01-31,-27.390750554825676,-5.663352494634193,3.370098367213101,-9.441481336530456
2001-02-01,-26.952462456393775,-5.732079693518767,2.0222054623472294,-9.891126345183892
2001-02-02,-26.500544317977884,-6.612534094818191,-0.2728567000586084,-9.710392320235679
2001-02-03,-26.760604871565352,-7.350098463147597,-0.8137150967959155,-9.307999753530707
2001-02-04,-26.027213016872174,-6.439458535697355,-0.7830159644792092,-8.202076076214041
2001-02-05,-26.301428320144222,-6.106992983759666,0.9188681036704633,-8.33479779774509
2001-02-06,-25.824775398173113,-6.063343156018834,-1.0630243157803096,-8.818499983650224
2001-02-07,-25.415949879120173,-5.626065656540216,-0.9994804984697361,-7.763840428547769
2001-02-08,-27.3680854850901,-4.341589150137953,0.05084565107057615,-7.849451429338156
2001-02-09,-30.11423775785687,-5.094162351700246,1.4695968530475603,-7.411714510135898
2001-02-10,-29.067784011595705,-6.277718885136812,2.1165256809730386,-7.8969818693896
2001-02-11,-28.400262149041275,-6.495679790204551,4.169387040445731,-7.219937764083387
2001-02-12,-29.078655519750093,-8.341875958578157,2.5431137217351023,-5.1734906893081005
2001-02-13,-30.297724876152724,-8.136925436981551,3.2663350519528787,-5.879781292027219
2001-02-14,-29.47205577371783,-8.169805949983102,2.640601353602084,-6.895771576335703
2001-02-15,-28.78634285837461,-7.943426505238201,2.4569383589661964,-7.097743908947037
2001-02-16,-29.18552647720452,-7.45052860827635,4.384843172218894,-6.757617185047855
2001-02-17,-28.499302380155644,-7.540075004922485,5.450302832752085,-8.568092859712285
2001-02-18,-27.761619557780996,-6.661297978622983,4.8223905929609865,-9.697287206454357
2001-02-19,-28.920457377754687,-5.772757105432782,3.813072796823205,-8.697785620700092
2001-02-20,-28.748406790642747,-6.240460489994528,3.863784567380839,-9.660922629891905
2001-02-21,-29.52760710624462,-6.402912385045985,4.47118133125182,-8.502170211630439
2001-02-22,-29.499470068314615,-6.343051047318207,3.485617900807394,-9.359779840608649
2001-02-23,-28.889754620001156,-5.9730081739152485,4.821200181360841,-9.944736159591013
2001-02-24,-28.490863939828312,-6.183987645073656,3.822510598242691,-8.500753130430027
2001-02-25,-26.333315651190816,-4.897718280752034,5.14010813189989,-8.416809769502784
2001-02-26,-23.901886613996,-5.910953214830682,4.839517252655708,-9.204648397163036
2001-02-27,-25.901714436968863,-5.847602558624373,6.207099236185239,-8.945089993407578
2001-02-28,-25.276203114257882,-4.863890887866588,5.698323921752761,-8.493593209530898
2001-03-01,-26.822231499355627,-5.113453768784114,6.141526089145136,-10.10914543617724
2001-03-02,-25.97966269942523,-4.893890664035081,5.321983767338941,-9.566926064364141
2001-03-03,-25.315683377906467,-4.741139442881626,6.810002511195094,-10.252787076345259
2001-03-04,-26.42404922856023,-4.037027197281573,8.891844235298972,-12.16338962280871
2001-03-05,-25.244943783061483,-4.7102722984042655,8.754694629271036,-10.190346062134745
2001-03-06,-25.106803440674597,-4.265049954208554,8.587788390724784,-9.718225549342597
2001-03-07,-24.474371461025125,-5.285176676699402,8.406451441084608,-11.376168471610063
2001-03-08,-23.527528054021957,-5.809344012253803,8.120720714494855,-12.16912779662516
2001-03-09,-23.821333696245542,-7.799295205952275,9.105951696724718,-13.886500728871416
2001-03-10,-25.009881508438614,-7.520975374642366,9.659638876459567,-15.300174044660583
2001-03-11,-24.773277310290368,-7.938330387431653,11.379425615892147,-14.433448681647825
2001-03-12,-24.082501645293902,-7.591196563882976,8.824859353360637,-14.117416981368391
2001-03-13,-22.66893245582757,-6.428062401582935,9.724520600060357,-14.292799454199505
2001-03-14,-23.339101493843636,-7.808367124138108,9.575330183775623,-13.827152869582637
2001-03-15,-24.174896241590385,-9.20169678622306,10.35038035845873,-14.936119262120327
2001-03-16,-24.72432003993237,-9.98038793884308,11.74785374669062,-15.317765863078233
2001-03-17,-25.633043286133613,-10.539193542420598,11.5822998597477,-15.87419456782332
2001-03-18,-24.754815243217077,-11.36046959774168,11.443250587067828,-16.30949965883294
2001-03-19,-24.56388681742021,-10.443088831568966,11.035697416942348,-16.14523340579845
2001-03-20,-25.86352425553637,-9.34747931617935,10.593849760781602,-16.597285655760974
2001-03-21,-28.22387929097413,-10.34161129083251,11.255650572843399,-17.65520489286316
2001-03-22,-27.55761347132676,-9.132598483060518,9.792511201719632,-17.850675371108423
2001-03-23,-28.563627735861658,-8.89887599210932,9.825811282063853,-18.81864140484683
2001-03-24,-29.022258591293955,-9.190516277138492,9.190448599055062,-18.58646186314121
2001-03-25,-31.24090406673544,-10.890541738355985,9.83797083621756,-18.921615165232073
2001-03-26,-31.947030346079814,-10.5978399240811,11.075364204796415,-19.107041967805568
2001-03-27,-31.84158396876725,-12.245844662801272,11.73313645970009,-19.70131728090443
2001-03-28,-31.792147703143023,-12.073991131366336,11.08774095387962,-19.417949995037823
2001-03-29,-31.29718545800219,-12.017807615592096,9.816302725783062,-19.081767437816772
2001-03-30,-30.06227945246737,-12.233258514736875,10.212482012654545,-19.641295907964064
2001-03-31,-29.182646182538885,-12.373688188841689,11.987992709734023,-19.8528828328666
2001-04-01,-29.949946016263844,-12.828298894441472,12.302342511204873,-18.46801489296276
2001-04-02,-29.773753003645815,-12.658010278083472,12.866437235333388,-18.149175575025435
2001-04-03,-31.47616267999836,-14.389980665615807,11.815195566599577,-17.373066178224683
2001-04-04,-32.029659785766505,-14.543615562252246,11.318964819360428,-17.994848109945
2001-04-05,-32.25948615965408,-14.577360723675962,12.975872589351852,-18.738548458347445
2001-04-06,-33.399994103607085,-16.0786248813447,15.352681496316277,-18.980599701591654
2001-04-07,-35.24532639493378,-17.0622555552999,15.093163819189146,-20.528956562351212
2001-04-08,-36.00999535084192,-17.702658758087132,15.446069594602243,-19.472018961696975
2001-04-09,-36.119844563171874,-17.48981820591819,15.469734259911517,-18.80404467350173
2001-04-10,-36.90500143954143,-19.001706360828383,15.7572137018359,-18.755772667225475
2001-04-11,-35.82288058766005,-19.291761980111406,17.936538912545092,-16.72361455007937
2001-04-12,-36.06042778582407,-20.029601156057765,17.912582817477716,-16.517231208550186
2001-04-13,-36.31470205154851,-20.493012185211896,18.76271615391584,-15.060387346091957
2001-04-14,-36.351492358968414,-20.92253778570395,18.282767899343188,-14.75729074595994
2001-04-15,-34.98969617364321,-21.180634173235276,18.344457560746044,-15.378600704712412
2001-04-16,-35.66350237497598,-21.674891543464845,19.29378424341823,-14.222758402498327
2001-04-17,-36.25953211820518,-19.37594473285822,19.233512701674787,-15.460888748659412
2001-04-18,-35.52597024704023,-20.076356780334322,19.363422099767135,-15.94269316322805
2001-04-19,-35.44998678089151,-20.117875846741285,19.36815945021503,-15.687258332363301
2001-04-20,-36.97018689812469,-22.103810460090674,19.161193231245736,-15.61659580359862
2001-04-21,-37.680452713798594,-21.415254860166435,18.31652364658131,-15.492667956832266
2001-04-22,-37.855000610347915,-20.283940493038063,18.57098032673826,-15.04988834138538
2001-04-23,-39.2368400447463,-20.333036242451882,17.46728670472801,-13.798026726605526
2001-04-24,-40.1063076392513,-21.932492233221076,19.973150452665656,-13.512465273721036
2001-04-25,-38.94844016214116,-23.327688960103888,19.049489383988785,-13.82084396368925
2001-04-26,-39.32567152820161,-23.696062739218544,18.140651049126205,-12.297963902632988
2001-04-27,-39.96374943883275,-23.072645753978552,17.942792589628308,-11.431914709602516
2001-04-28,-40.15973790216698,-22.62637788027097,17.97027832454427,-11.402948683277039
2001-04-29,-40.06762786546255,-22.631340327864052,17.05927357542873,-10.879913515660038
2001-04-30,-39.78819320157869,-21.15523016149046,16.954334000121204,-11.279869765793741
2001-05-01,-39.300759170165875,-21.27878751728079,17.007166472554967,-11.836223108852073
2001-05-02,-38.665532642846,-21.00951827826372,18.236178123314133,-10.82775837684018
2001-05-03,-39.53891907265899,-19.83909561978598,16.559191202197947,-11.696553131326567
2001-05-04,-39.49485935879541,-21.31472011270622,17.040698064012584,-12.857329090583294
2001-05-05,-39.08964542051742,-22.019131671814453,18.37180563232999,-13.374257536259073
2001-05-06,-38.8503742123328,-22.06345874555019,19.596790791710223,-12.164666377792184
2001-05-07,-37.987663121080104,-21.48270305718678,19.315817597104747,-14.145142168016859
2001-05-08,-38.158103419003695,-21.278958215757523,19.806569952570918,-15.145348599502007
2001-05-09,-38.97439213082478,-21.743908137435447,19.782762999836606,-13.527869044593531
2001-05-10,-39.09075149808442,-20.927485068236933,19.928464367219824,-14.86721905474836
2001-05-11,-41.36736294713674,-22.34300798525851,20.397521778279888,-15.972250567158742
2001-05-12,-42.07993732010636,-19.052996777312266,21.176815858495118,-17.159359145877474
2001-05-13,-42.93248062775666,-19.06623127360855,21.83002819072367,-16.368066024404172
2001-05-14,-42.425843677281016,-18.33237800295578,21.11308249899151,-16.970460152979594
2001-05-15,-43.014893151220896,-17.82558828821612,21.165487395595072,-16.492736321025898
2001-05-16,-43.2760716074404,-18.29618147556263,20.69928483170379,-17.172031550859657
2001-05-17,-43.466228404360734,-17.92970708262666,19.596722723090153,-18.71037992382793
2001-05-18,-42.85619083909338,-16.973832661299337,20.59606759170343,-19.52520960197866
2001-05-19,-43.55783900194759,-17.42437967662958,17.90809382476033,-19.932916968670206
2001-05-20,-44.24687511395081,-18.85393925693254,18.671630531609264,-19.237346411370183
2001-05-21,-44.64248774379193,-19.14828378028325,17.346249615440136,-18.765938650296153
2001-05-22,-44.19626328342973,-19.010861377273592,17.427389485036542,-18.90216426403242
2001-05-23,-43.29008898221522,-19.50388555575246,17.619026283983672,-18.59652500151562
2001-05-24,-43.01175175966051,-19.317679367871833,16.259806816839717,-18.501729754963332
2001-05-25,-44.401047185278145,-20.52347287071005,15.542335916918457,-17.79188683811427
2001-05-26,-42.94993402375648,-19.286308295582206,14.448709668941577,-17.952745207940225
2001-05-27,-42.23042134388455,-20.930867600389885,13.546119044591244,-17.01038783642341
2001-05-28,-42.032733664766276,-22.534481799367043,12.30014350426003,-16.685775680087623
2001-05-29,-41.541187232570486,-21.05411543928163,10.168239924826608,-15.573583829143317
2001-05-30,-41.07265835009475,-19.707955198195073,11.070179095462452,-14.308254301976056
2001-05-31,-40.076531017617846,-19.671186179370856,11.807586020194428,-15.048701777566375
2001-06-01,-42.76921902379077,-20.64494966212044,11.546050285714108,-15.501043405924694
2001-06-02,-43.37010371076652,-19.58610405704297,10.546358407887263,-15.643707388127213
2001-06-03,-42.90736632831813,-20.120703601877448,9.170139856027067,-14.74646330256591
2001-06-04,-43.76995979884984,-20.273500152889145,10.123002336531377,-14.69471725003353
2001-06-05,-45.0629939006278,-22.00893701207604,8.407281910538975,-12.835707717724219
2001-06-06,-45.70767523717604,-22.575033977887728,10.074403458334018,-11.317687697798316
2001-06-07,-47.108409398230776,-22.176318226547725,8.962526019974518,-13.704702811698512
2001-06-08,-47.17351658886322,-20.518974488338564,10.552150272533654,-12.344101124020657
2001-06-09,-46.09679042821683,-20.947627344307733,9.865866260314988,-12.745959310460337
2001-06-10,-45.833762784773924,-19.212181285681233,9.877216345012956,-12.509023496195129
2001-06-11,-45.78141342892155,-20.323156946733757,9.248545122749043,-13.554331040005728
2001-06-12,-46.71836432598899,-19.68675705446794,8.731868774720944,-14.02363138068776
2001-06-13,-47.07546180781167,-21.338406606068766,8.549070345452835,-15.322742419266715
2001-06-14,-45.786279007775775,-20.209725780797452,8.306907240033063,-15.878945143669974
2001-06-15,-46.669639182386575,-17.511805713149275,9.054067622675655,-15.990655486588848
2001-06-16,-45.88445738546315,-16.68335677305548,10.227526076659355,-15.27918614900416
2001-06-17,-45.04752925193798,-17.988399348748292,9.305521484314276,-16.069357357351254
2001-06-18,-42.46067337825068,-19.105389275942937,9.94330511268704,-17.38528147022781
2001-06-19,-41.58514451425817,-19.24207675368603,9.166563082344851,-16.73601994485293
2001-06-20,-41.51223095017874,-18.684000693403977,9.960286472497966,-18.01298376081929
2001-06-21,-41.296326177212585,-18.927877878583857,9.4513810594125,-17.9428603171274
2001-06-22,-41.93892473506191,-18.516882840783808,10.082578069696766,-17.361888802048014
2001-06-23,-43.64358487150295,-18.008234117568875,9.306738890832605,-17.29769939373654
2001-06-24,-43.361076979644714,-17.57516610126265,7.651843344050982,-19.35955470457628
2001-06-25,-44.17664896971118,-16.68107726994397,6.811157674715808,-18.18484808136478
2001-06-26,-45.07152267074971,-16.751027247254793,7.642805432342682,-18.345356996069807
2001-06-27,-46.46753781627132,-17.605500909489415,7.864004407737536,-20.957799030362278
2001-06-28,-46.54558294013646,-19.416448287745947,8.285661699356826,-19.10688971294279
2001-06-29,-45.65715755297984,-19.511839627170108,8.378273309413041,-16.861733509832455
2001-06-30,-43.798667732928735,-19.457949087570512,9.538878905083898,-17.940180740750275
2001-07-01,-45.26398929326041,-20.386395956431507,7.310466985508736,-17.002364691992764
2001-07-02,-44.797852415580365,-18.97985398730999,7.7219594006132075,-18.003927042195535
2001-07-03,-44.61348375379681,-19.20774825263231,6.94852876226902,-18.139506924670062
2001-07-04,-45.60651804388082,-20.36235360388765,5.315438667485503,-18.869504573543434
2001-07-05,-44.883949242768914,-19.6930805973475,6.271735361932416,-19.46990255894478
2001-07-06,-43.02012281232113,-20.21789317847984,7.01688612398938,-17.914950727639898
2001-07-07,-42.32218872473836,-19.414366562451356,7.688763356082311,-18.413193400722157
2001-07-08,-40.59549819237196,-17.20781802336377,6.681930339915578,-17.515994583520847
2001-07-09,-41.83220166015677,-18.24282757983178,5.107137821030036,-17.56550856309033
2001-07-10,-41.958732201492666,-17.483612535384793,5.7082427561125915,-17.120191695732426
2001-07-11,-42.255113697700715,-15.95095239448573,4.549533205435093,-17.197804398950375
2001-07-12,-43.10338408560208,-13.85606827957287,4.282897386304716,-18.139328953791914
2001-07-13,-43.104603896439436,-13.251733668466121,3.5970852148377257,-18.827223735664845
2001-07-14,-42.63796793592899,-12.897203857923232,3.477340207449151,-18.033136150341328
2001-07-15,-43.10823796679075,-12.602117910736636,2.7972136171171114,-19.715878637167368
2001-07-16,-41.77999547935602,-12.653914999631093,1.7443616030200535,-20.036897516637474
2001-07-17,-41.26534934757653,-10.949109393100777,1.808582105481414,-21.3544250814919
2001-07-18,-40.392067832338775,-13.507809983390812,-0.5104417845467657,-22.435804107138747
2001-07-19,-42.62651146408972,-14.14791235767728,-0.2649960000303283,-24.593425324368177
2001-07-20,-42.56229460655633,-14.315188484884985,0.7936191564480534,-24.773687457232764
2001-07-21,-42.367156557788775,-12.36395727031084,1.9095632778279858,-23.366991202978078
2001-07-22,-40.878241493199894,-13.379002629094186,0.08489101477026684,-24.16641718549014
2001-07-23,-40.452163612031306,-13.835711178271131,0.3892981851157642,-23.582052537493468
2001-07-24,-38.809327713536746,-13.970286494933342,1.374551093231909,-21.463112985047147
2001-07-25,-38.775445717574,-13.98666695860837,0.49390326989883426,-20.59709104169182
2001-07-26,-38.42193877105715,-13.115159674760434,-0.19099599075951967,-19.664908187943606
2001-07-27,-37.787783505860006,-12.462209497327937,0.9419047067420508,-19.34840441959437
2001-07-28,-39.16233851178497,-10.042886045624902,1.3600629707291054,-18.174615456935783
2001-07-29,-40.16007980150621,-11.628737908380877,0.15272848494505187,-17.743083936852386
2001-07-30,-40.35656114979255,-10.610758205783466,0.02944087438802226,-16.54877925214911
2001-07-31,-40.6811046213354,-10.74904841846654,-1.284210968394804,-16.761372343275443
2001-08-01,-38.97657855585832,-9.91562893983284,-1.6023112325283013,-17.619772185206777
2001-08-02,-39.50496013243818,-9.469232693285656,-4.510768868914871,-19.210477259272086
2001-08-03,-37.97317367692628,-10.732310574904087,-5.077049791852329,-18.524874292453358
2001-08-04,-38.183644500933895,-12.746499506532913,-4.314242725553186,-18.39808554903971
2001-08-05,-37.226288905372066,-13.891336038326346,-4.232735738280693,-17.59836818322618
2001-08-06,-37.58340225790121,-13.323684132030756,-4.1036733250042685,-15.075062375282297
2001-08-07,-37.17056502574303,-15.013987877228752,-3.3061929236536134,-14.574753538487512
2001-08-08,-37.08991893316443,-15.681251700461534,-2.917182025940734,-14.121893759024612
2001-08-09,-35.971554879894924,-17.934397060885658,-1.8480203040675791,-12.864888117546428
2001-08-10,-36.97697374074876,-17.740972904830166,-2.401277591412058,-13.331467762219724
2001-08-11,-36.44983231359828,-17.70196723140477,-4.034299007581674,-13.921121743610716
2001-08-12,-37.51862429852278,-16.595348423295555,-4.784713567725643,-14.288261451900599
2001-08-13,-37.94478696139432,-15.374749772116088,-4.9631482240042235,-16.475015778201477
2001-08-14,-39.62360081487408,-13.44108464629137,-5.062142079405726,-16.2162356024569
2001-08-15,-39.95179170769266,-14.327690667175824,-5.243728323577131,-14.839526515617901
2001-08-16,-40.4180448753119,-14.274762092939257,-6.643946370373527,-14.736798575252509
2001-08-17,-39.29546299274557,-13.475655376708007,-6.561876960955164,-12.640243734963494
2001-08-18,-40.06585707608995,-13.200287351859767,-6.05479215025306,-12.889549483737133
2001-08-19,-42.53420135667081,-13.113148631399858,-4.234197077788721,-12.975779100120029
2001-08-20,-43.206553851549266,-15.123969408698859,-3.6714721082413333,-13.232804119879054
2001-08-21,-44.079154237209764,-15.852732651911781,-4.09847981588403,-14.597671569056835
2001-08-22,-42.99984917391319,-17.800375784500005,-5.404126990779179,-14.35621810991151
2001-08-23,-43.20109017024311,-17.31356366330081,-5.357049682106403,-14.311407329710523
2001-08-24,-41.57873092376353,-15.905403613098667,-4.471300733071779,-14.178952977979083
2001-08-25,-42.74515552442001,-15.352503473465418,-5.524208884741023,-12.404527673430891
2001-08-26,-44.37602837032188,-14.650581655723672,-6.339687672362762,-11.912378795001878
2001-08-27,-44.51116886033943,-14.061020449497393,-6.8770370347835765,-12.535793186819193
2001-08-28,-44.91622539138741,-13.480912838280057,-5.881731587104551,-13.137677690502722
2001-08-29,-46.35618674896348,-14.226037617136752,-6.055158777430256,-11.78870504080454
2001-08-30,-46.74503050585014,-14.240325006522369,-6.344581914745155,-10.812351067246412
2001-08-31,-47.8560886908164,-14.831570537344403,-8.365281873831968,-11.46674540777383
2001-09-01,-47.35698501383941,-14.193908929167005,-7.23245101908105,-11.601357124174775
2001-09-02,-47.80791778580368,-15.301914106581261,-7.723840721524119,-11.993774284914512
2001-09-03,-47.92283976732317,-15.081697088102327,-7.199905845704184,-13.209244361120259
2001-09-04,-49.12845738797033,-15.90923870206977,-7.863871618511959,-13.500908028153464
2001-09-05,-49.22771471388896,-14.649368257356633,-8.363100711274255,-14.241561695761007
2001-09-06,-49.94057371967899,-13.499789089028267,-8.196982408576247,-13.337765807049472
2001-09-07,-49.17884736279137,-12.375022485703216,-7.402158837306942,-14.301748862577401
2001-09-08,-49.94961843194321,-13.807056286373,-8.016881362720982,-13.97223921832833
2001-09-09,-49.36494262201808,-12.888678702979265,-9.23038167610429,-12.817779624164176
2001-09-10,-48.22693091782832,-13.08360380466486,-9.29906435126137,-14.889056636130878
2001-09-11,-48.9339381070173,-13.863868819141048,-8.348933714948126,-15.619391277223526
2001-09-12,-48.31763539932249,-13.414335102693595,-8.268372211959786,-16.71554616310752
2001-09-13,-49.483000394669794,-14.579453072899321,-8.256965041741566,-16.05861403366905
2001-09-14,-48.65318139292425,-13.92715682403133,-9.486792702037175,-17.193119907632795
2001-09-15,-48.468061235642494,-13.156903609195354,-10.1061607324944,-18.475901626035842
2001-09-16,-48.762410464722436,-13.440204180594339,-11.297288716273558,-18.872472085974074
2001-09-17,-49.84746180939575,-13.08216675762074,-12.343157273018386,-20.485525169747675
2001-09-18,-50.45612643910853,-12.778159064460844,-11.508403454755483,-20.660429473657764
2001-09-19,-49.897337744944,-10.90953913239803,-11.200332027467454,-20.7381423722962
2001-09-20,-50.111720024284004,-11.92287523497194,-9.316587250177427,-20.472800448533413
2001-09-21,-51.026140011622026,-11.85744881397478,-9.003588510588996,-20.1958416325384
2001-09-22,-50.542713623777836,-13.295952894290036,-8.838305393054588,-19.876445596105928
2001-09-23,-48.68811955354528,-13.937375957503194,-9.076251860613885,-20.03557977701497
2001-09-24,-48.91452664796973,-14.683576030548535,-10.057788880907228,-21.510509984711316
2001-09-25,-50.79544099284405,-15.206556854304036,-8.52400105587987,-20.631715207392052
2001-09-26,-51.33498488783318,-15.039279941385226,-10.52373157894466,-22.096612011551873
2001-09-27,-50.8632579323026,-16.4728616934614,-10.302295079320045,-23.41515942500431
2001-09-28,-49.29755250220278,-17.276402463617895,-10.789319449515078,-23.52980025045691
2001-09-29,-49.893681731670135,-17.04886317980132,-12.23848535742072,-23.15085159021423
2001-09-30,-50.54685816835968,-16.31436990170626,-12.87461941195076,-22.701490755874804
2001-10-01,-51.400448475006215,-16.700945574124013,-12.415128440432756,-21.833051910919902
2001-10-02,-51.275580332066326,-16.768737564697407,-9.963189268878622,-19.8385044303024
2001-10-03,-50.01711869706321,-18.34752244118782,-9.57941867712131,-18.644926801068376
2001-10-04,-49.09994794168853,-17.94696730293892,-9.966719628061561,-18.762246238058786
2001-10-05,-48.73087587099779,-17.726432345140644,-9.663724273838632,-18.022147778460518
2001-10-06,-49.08085022074369,-19.103415261673472,-10.283029859960932,-18.293732556041697
2001-10-07,-49.13997572122601,-18.982482764573167,-9.449291968134435,-18.23504496725522
2001-10-08,-48.01437839652709,-18.652936136049938,-8.72299370102021,-18.639670136317395
2001-10-09,-48.6600190280769,-18.530616903659254,-9.198725271154984,-17.548883922862828
2001-10-10,-47.04422824147393,-20.28898610425005,-8.38622417995986,-20.322316788129964
2001-10-11,-48.26745965301286,-20.192269956588103,-8.50184659231109,-20.130441531175112
2001-10-12,-48.171876286130214,-20.8008782808919,-9.140080968617733,-21.688413775754626
2001-10-13,-49.303335580364134,-19.967488413531136,-7.938297440020565,-20.78025728173215
2001-10-14,-51.86106014752799,-20.72277983496703,-8.479050045404207,-21.13368849351619
2001-10-15,-49.99234142513037,-19.700938818915247,-8.720047094407699,-23.070796742482564
2001-10-16,-49.538750864798686,-20.136456922390195,-9.930927044131296,-22.63785072033214
2001-10-17,-50.16473373731295,-17.845880399639633,-10.122878472796822,-21.269309012176077
2001-10-18,-50.16447735661996,-17.808257258146615,-8.746566479250545,-20.22602693918561
2001-10-19,-49.781975037504914,-18.120537378869756,-10.025485147790222,-20.037372646437408
2001-10-20,-52.63336995968024,-17.456056028981493,-9.173746517322181,-20.566257048396846
2001-10-21,-53.440433777599274,-17.57998536716767,-7.241386688393725,-20.333159775677323
2001-10-22,-53.210905788231955,-16.416513367395652,-8.534953774308999,-20.279310102122427
2001-10-23,-54.189366314094435,-16.5063853193772,-7.57324443078617,-20.33155123811816
2001-10-24,-51.377573167740955,-15.534884084558591,-8.443995600872382,-18.89687582737218
2001-10-25,-51.487060676291904,-17.16267604690555,-9.086032639387435,-18.003292697290327
2001-10-26,-50.91590058450038,-17.21179548796165,-6.14532304052621,-18.432314040725807
2001-10-27,-51.072663136927,-18.808551980278903,-6.7435677515724235,-20.53251360767404
2001-10-28,-51.82901695252217,-19.085574355400034,-7.972767785201634,-20.718708631500345
2001-10-29,-51.392246025211826,-18.734811802629757,-8.81202257241509,-21.09725849076188
2001-10-30,-50.37943823667095,-18.75005546335796,-9.80830084752442,-17.96355722043779
2001-10-31,-50.56967504327441,-18.317395676681656,-9.163151131737083,-18.538068343591853
2001-11-01,-50.96805058816908,-17.22331825590339,-8.914113865148618,-16.21369104573206
2001-11-02,-51.385941812805655,-16.09109022297498,-8.764925689998,-15.276876187182822
2001-11-03,-52.97536102330848,-14.285622204671006,-7.863462852588963,-15.269293335411469
2001-11-04,-53.101022717068645,-14.524012783990521,-8.04802006762181,-14.979587691829705
2001-11-05,-52.61643933746303,-15.046236354648238,-5.684294282517456,-13.16985865320196
2001-11-06,-52.566260046157424,-16.056194819263652,-6.677539724448325,-13.596528510088703
2001-11-07,-51.36797979738249,-16.44958229581549,-6.048861148988147,-12.410517297375645
2001-11-08,-51.15045816649224,-16.37785461917396,-6.3843553305347545,-11.41588815191465
2001-11-09,-51.81927881787688,-16.72340025129845,-6.2175955612399125,-9.450975981552274
2001-11-10,-49.60404247496777,-19.274487678863107,-5.82391152806781,-9.51299728215521
2001-11-11,-51.05796768696725,-19.730654675020872,-6.122419754960912,-8.956211269122187
2001-11-12,-51.509542909730634,-20.128186886323633,-6.248598644132368,-7.977943042187595
2001-11-13,-50.56423973375276,-20.109450326920793,-7.628793947927858,-9.082981211838256
2001-11-14,-51.40558281127491,-21.55144509952369,-8.0907945290173,-7.173945080997877
2001-11-15,-51.27918440304328,-22.001426458015352,-8.230297572175548,-5.064145373580315
2001-11-16,-50.360545738870584,-20.65296492261387,-7.833422568268816,-5.014118443388078
2001-11-17,-48.07449298248951,-18.8748198128478,-8.862852736041198,-6.500798827164624
2001-11-18,-46.09137671614317,-18.548639804072504,-8.572113879332475,-5.286989332604789
2001-11-19,-44.80574786576295,-17.86296008176017,-9.670648427267357,-4.976385187475011
2001-11-20,-45.505266794701065,-17.563727762776512,-9.18192761894273,-3.5277586499697566
2001-11-21,-45.1636093486185,-19.370304348900312,-9.198471589281162,-6.268534297773774
2001-11-22,-43.54516164207292,-18.88516447544865,-8.467299250419861,-6.812758222190071
2001-11-23,-44.79719559739603,-19.805117009527297,-8.198237579526122,-6.972091926574951
2001-11-24,-44.252198446682925,-20.002919287307808,-10.090135674733158,-7.9782917241303455
2001-11-25,-45.52176723725701,-19.892127801479184,-10.39304483183951,-7.632074260773215
2001-11-26,-46.55323490831408,-20.058289683236445,-11.178028189272109,-6.690596273550973
2001-11-27,-45.51294392901863,-19.647709392720405,-11.544476038768831,-7.612492682906197
2001-11-28,-46.79569472253087,-18.54768670347637,-11.664824167436556,-7.587534401903755
2001-11-29,-47.298970530459805,-17.35617128403938,-11.633418782433372,-8.703116178185628
2001-11-30,-46.782000894510674,-17.56500402845009,-11.895995217600639,-10.83692104332629
2001-12-01,-48.330545960341716,-17.511441646917923,-11.487424640237863,-10.255672759781117
2001-12-02,-48.8889192513246,-19.68523336579158,-12.694615959047445,-10.871966091685309
2001-12-03,-49.46346049208507,-20.888784356259595,-12.891935957460937,-10.671290131375919
2001-12-04,-48.37023051936343,-20.329835443259242,-12.183841313916767,-10.87077718414694
2001-12-05,-49.86146343553122,-20.70330740548964,-12.462087448445542,-11.24900335361169
2001-12-06,-50.72164045987816,-22.00225716193831,-12.421738399538661,-11.585857468845534
2001-12-07,-49.65084799583372,-22.437327523125386,-12.21768404998575,-10.327912588115655
2001-12-08,-49.64736525956741,-22.949915026364007,-11.935785188894412,-10.06140393838433
2001-12-09,-50.5107101456531,-23.95339797375224,-12.290168856838061,-9.971138098730169
2001-12-10,-49.4729137988014,-23.46890326062715,-13.597821617959378,-9.390625869194691
2001-12-11,-50.27326153623364,-23.096555304840855,-13.385479553307464,-9.164089929373834
2001-12-12,-50.15554988352842,-23.404191771625296,-15.386789960859762,-10.360355777214648
2001-12-13,-49.805265280319304,-23.802569037627315,-14.94130895554419,-11.092669307607101
2001-12-14,-49.85910194571807,-23.16412921083309,-16.03582439894219,-10.838552407673701
2001-12-15,-50.51820466193937,-23.518616752583156,-17.28734687347628,-10.662200629009075
2001-12-16,-50.17999378349358,-23.22549729425275,-17.409390076227666,-9.982488649460322
2001-12-17,-48.962130788102364,-23.89707052320614,-18.577489971987934,-11.535300705907817
2001-12-18,-48.291767941947185,-22.549777864429185,-17.946926572656075,-12.112790035748489
2001-12-19,-48.22860969863171,-23.920632711352457,-17.93510100638671,-11.619832923435768
2001-12-20,-48.93827090404256,-23.14280653909893,-17.333919609261397,-13.130186781928193
2001-12-21,-48.573670543433494,-22.724329615850028,-17.35958479695417,-13.693717128864437
2001-12-22,-50.11203505660981,-23.22120018142025,-16.667759835175964,-13.566841694468478
2001-12-23,-49.92263838428993,-22.44798828445648,-18.387870101300397,-12.454608373270608
2001-12-24,-51.40983348503649,-22.52496467213963,-20.956077697237617,-13.062221843284664
2001-12-25,-50.966697815359176,-21.150424246051184,-20.91194941847936,-14.335609753960982
2001-12-26,-48.843484538388864,-19.99017119314155,-19.483098015261778,-13.093501936332572
2001-12-27,-47.74606392948843,-19.451881559349864,-22.032891126174057,-13.75594971956242
2001-12-28,-49.127462319331116,-19.073385868323367,-22.60751459919386,-14.117280605700419
2001-12-29,-47.09427122748502,-19.126818807837406,-25.115333689592443,-13.228239771375677
2001-12-30,-47.277281654126995,-19.14440903825212,-27.869962704378153,-12.764550078297914
2001-12-31,-43.862851131213596,-18.84112728117954,-26.8625722341229,-14.317128631782245
2002-01-01,-44.16403824829478,-21.14744174936769,-26.329067724987738,-12.77246209140681
2002-01-02,-44.293533632711,-19.807145461172425,-26.008771253958614,-13.29238096193832
2002-01-03,-44.81113320683127,-18.886185432988114,-27.317844204004285,-14.148367958613573
2002-01-04,-47.31211257162728,-19.523884739620957,-26.389180338242127,-13.401060209162074
2002-01-05,-46.91565700262389,-20.486530549997834,-25.90893908130945,-14.063854670131077
2002-01-06,-46.46541760607664,-20.451462154636673,-23.703410986906206,-15.550205730383544
2002-01-07,-45.875136628443634,-20.91156292415754,-24.20650018731631,-15.969906596271464
2002-01-08,-46.492576088585224,-22.253237900829987,-24.546545664656353,-14.761540535822393
2002-01-09,-46.166286359891615,-23.93058682559444,-24.68504562387255,-15.197453917102372
2002-01-10,-46.213340562873206,-23.899340317819956,-24.24036096964679,-18.005736697821465
2002-01-11,-46.90113970117489,-23.806648821880824,-25.251873202579848,-18.78225053712401
2002-01-12,-45.01960223025895,-23.765123543746025,-26.154463773817078,-19.501908700316246
2002-01-13,-42.83882407362037,-22.971457025664016,-25.9523052151588,-21.47555690242622
2002-01-14,-41.16218000533322,-22.404311297550183,-25.09762462037533,-21.023240548090342
2002-01-15,-42.97984895856191,-24.37910439686008,-23.89528389245922,-21.89887201589533
2002-01-16,-42.39520817897728,-24.728671842651035,-23.62506707924238,-21.963043947398706
2002-01-17,-41.68666986510325,-23.82811623757953,-25.01096571253795,-19.86654733131226
2002-01-18,-41.68647651251449,-24.945023201667322,-25.414618435086037,-20.994814458229
2002-01-19,-39.49814978058056,-23.72398943372481,-24.93808590305218,-20.00229279969061
2002-01-20,-39.765310232035006,-24.22855373549306,-25.067957763781738,-18.782094480638523
2002-01-21,-38.98010292279834,-24.530952324242765,-22.59315449456493,-18.37053824269281
2002-01-22,-39.31916018747168,-24.064674842332725,-21.955919652008756,-19.224387571943204
2002-01-23,-38.447784495350696,-23.563826751276473,-20.862154780025918,-18.505997841741063
2002-01-24,-37.296436729924956,-23.02032155922288,-20.39888883276297,-18.935960505373945
2002-01-25,-38.44197241892985,-22.868418737287087,-22.180755048493644,-18.180337444242895
2002-01-26,-38.943944278698474,-21.904835538114487,-22.703356948756397,-17.839272014922685
2002-01-27,-38.03243244075676,-21.05880382351085,-23.223156283477813,-17.357806181583005
2002-01-28,-39.00130506705661,-21.13568482583321,-26.194203303489612,-16.410147429611445
2002-01-29,-39.05401533372967,-23.53977311961696,-27.694094917858724,-17.078077546394987
2002-01-30,-39.607949082463804,-23.426819552143147,-28.94833672574373,-18.01725583010603
2002-01-31,-39.21843112664323,-24.026619562522136,-29.656837178116586,-17.456462188881716
2002-02-01,-39.242986560363676,-24.48663806984836,-30.521814337631568,-16.664821770089084
2002-02-02,-40.39149868154592,-23.157315666256633,-31.515219578184077,-15.998689252467326
2002-02-03,-41.05666121630055,-24.052499405121424,-31.367206223359094,-15.418619303052731
2002-02-04,-41.17246919945247,-25.2133432139038,-31.778037801959933,-16.587711939614913
2002-02-05,-39.752121476964675,-24.293680791771234,-30.11363588569429,-16.31614419723972
2002-02-06,-39.7857266161806,-23.050476127435566,-30.136357077611102,-15.587978482076345
2002-02-07,-37.49551073410741,-22.333280893528695,-28.986974826251615,-15.110701475992919
2002-02-08,-39.68166202776154,-21.770839624062106,-29.13849389985439,-14.981894484791264
2002-02-09,-39.84448724085743,-21.531691814685644,-30.66954199922003,-15.780279262674624
2002-02-10,-39.82281523229329,-20.666916109443694,-30.93098980965976,-15.991097763594858
2002-02-11,-38.06924058078303,-21.719365309541125,-29.765408429451437,-14.65297034785692
2002-02-12,-40.21470905047919,-21.75928984754192,-28.64842256365694,-16.139822576457966
2002-02-13,-39.0036567282361,-22.22783002331842,-28.918562140606234,-17.194856058959225
2002-02-14,-39.390162809750066,-21.27929763564281,-28.20222854377874,-15.06277679691999
2002-02-15,-37.816716940705845,-20.813415999195904,-28.868279689280175,-13.843283214192754
2002-02-16,-38.36088175777749,-21.08940881866657,-28.575937966709407,-13.327744682284637
2002-02-17,-37.52738521168185,-19.98084736549027,-27.24840998684527,-13.292514912808453
2002-02-18,-38.53520379704653,-20.991833747644392,-26.840254040622597,-13.833095646791554
2002-02-19,-38.65603117410871,-21.00468472710598,-28.74613001801965,-12.972472094925601
2002-02-20,-39.12934446761769,-21.59686801491264,-29.488781224118544,-11.889565749114087
2002-02-21,-37.889673096706254,-21.26552641443344,-28.17386479940297,-12.330527608710101
2002-02-22,-37.90436140521352,-20.305690510639458,-28.324643630897636,-10.737947332291172
2002-02-23,-37.391026665581954,-20.101223149444923,-26.778142537446477,-10.498373270093714
2002-02-24,-37.21338325401417,-17.200832130172845,-25.737997706076523,-11.289331000703543
2002-02-25,-35.62785969274531,-15.724897986314454,-26.281450720957654,-9.864426612717878
2002-02-26,-35.99772942832358,-15.571997311147127,-27.229015197069607,-10.281947535485436
2002-02-27,-34.61097037274259,-18.38798101456522,-27.026835209312594,-11.625630022624067
2002-02-28,-33.81109747444338,-17.720634503525186,-26.36405973423282,-10.8928282039616
2002-03-01,-35.131659981810266,-17.72268105809001,-26.548955695369493,-11.08181981912017
2002-03-02,-35.04276914460242,-18.400284896156215,-26.51745916966102,-10.347512231378712
2002-03-03,-32.46938431106566,-17.559586042208764,-26.35121949501003,-11.702690119439255
2002-03-04,-33.08304465248838,-17.941712968525646,-26.786615182745745,-12.662101457537752
2002-03-05,-32.57158941925175,-17.402101193654698,-25.765813929239567,-11.827861081094097
2002-03-06,-31.515836035312027,-17.846685361846816,-26.94755897207618,-13.715568372545526
2002-03-07,-32.99407424843899,-18.012671501456303,-27.956085240821025,-15.00327336573472
2002-03-08,-31.44688430603052,-18.094942766659468,-29.094282008324527,-14.430622311724814
2002-03-09,-31.637140175650494,-17.644432050288966,-29.71994445325986,-14.59868803344845
2002-03-10,-30.67654885146958,-18.284671221313662,-29.705167159024192,-13.96499727934396
2002-03-11,-30.280899269273085,-16.97934031157829,-29.764612442799674,-12.773136389077221
2002-03-12,-30.83685258925157,-16.582974669353952,-30.90361848849991,-12.53433708675387
2002-03-13,-31.37047822243078,-16.105765758176837,-31.273510736725523,-11.39089420226461
2002-03-14,-28.82471177686268,-15.166319778129623,-31.553913543196337,-11.746039115372506
2002-03-15,-28.24520748053593,-15.709444850524116,-30.602154825674436,-10.92826783050946
2002-03-16,-29.174212570387397,-15.606233747799253,-30.186385285946372,-11.358282555301342
2002-03-17,-29.762023561543803,-15.85494481588721,-31.0652272580305,-9.353349329073943
2002-03-18,-30.461832774473603,-18.394902943584004,-31.884312177862395,-11.952634128662584
2002-03-19,-32.66508749481607,-18.475624183752615,-31.456689736075063,-13.370261203837458
2002-03-20,-32.80277009230458,-18.022299655283806,-31.349000665848198,-13.465476856257748
2002-03-21,-32.30269068148954,-20.05150828556046,-31.686422844491204,-13.798820232747541
2002-03-22,-32.606442948235305,-19.73026789250586,-30.86427513228542,-13.90960434808607
2002-03-23,-33.47232162975036,-21.51447544422969,-29.544169241192865,-13.310665627722814
2002-03-24,-33.01787987550714,-21.1484236855146,-29.026382867791167,-14.039227197093433
2002-03-25,-32.608057743507814,-21.713570831980135,-30.89004850348618,-14.124413528167333
2002-03-26,-30.663807430852003,-20.842393366512397,-31.49050924234261,-13.832532884441036
2002-03-27,-29.1727880078127,-20.899980373464714,-32.22467730438528,-15.010964742950993
2002-03-28,-30.183600014501224,-20.587349773285872,-32.16374544594547,-14.62202874679857
2002-03-29,-29.83076387420095,-20.912048288447096,-32.09682093555722,-14.596700997408304
2002-03-30,-31.6440591357849,-19.97367622448194,-34.16690681534604,-14.702112759012039
2002-03-31,-31.463313372827777,-18.973737544403914,-33.885466195229675,-15.310154448061683
2002-04-01,-33.797351170278404,-18.732126994727558,-32.63741525985757,-12.831338841653395
2002-04-02,-31.624307519813257,-18.833416374766244,-31.96478629954001,-13.118928003590398
2002-04-03,-30.000461801560476,-19.961108923371064,-30.461628016636492,-14.248661695475613
2002-04-04,-28.66610756911002,-19.884248478995033,-31.60729213581492,-13.107200256627305
2002-04-05,-28.028027563682446,-20.151693277709523,-30.782614140145157,-11.612228812366267
2002-04-06,-28.78050184395967,-19.73448573197103,-31.12538140165714,-11.788810541583175
2002-04-07,-28.71526570032899,-19.074039051817426,-28.63317221930474,-11.902373207880832
2002-04-08,-27.033296858170022,-18.27874447124693,-27.654209983640843,-11.545094985123814
2002-04-09,-27.412707944701197,-20.036054860480156,-29.253568966774967,-13.841074168083708
2002-04-10,-26.977566905543885,-20.124694191665668,-29.96765750150118,-12.509861972690748
2002-04-11,-28.277319757311076,-20.053197799549277,-29.179166053792223,-12.731951530588155
2002-04-12,-27.91472335358072,-19.47606555564121,-29.21449173385627,-11.885024197431626
2002-04-13,-27.9216486991424,-20.03675069594467,-30.824773978191388,-9.207678913736054
2002-04-14,-29.40417303921158,-18.895646120615563,-28.23384000024023,-7.194132172444391
2002-04-15,-29.883052597513814,-20.256061330543677,-28.43509532865098,-6.963430114408082
2002-04-16,-31.12462845206972,-18.324939392813903,-28.533199751055083,-7.902819776082245
2002-04-17,-31.589006118283866,-21.3966564203752,-30.068135596882353,-9.05150058161957
2002-04-18,-31.3874869534363,-23.143429093270022,-30.51916112268073,-11.001490122253289
2002-04-19,-30.68317237731373,-23.403831872765142,-29.25961085404678,-10.256871382610568
2002-04-20,-30.627037519523036,-23.757560394594243,-29.53811766379841,-8.96836466754619
2002-04-21,-30.158924105746816,-21.448098772107794,-28.404561147280596,-9.3299268417483
2002-04-22,-28.011066825960064,-23.068342319283953,-28.882458293455606,-8.644838879923505
2002-04-23,-30.454242652909876,-24.783144920928436,-28.37635027077922,-5.765737406655882
2002-04-24,-28.880157430913982,-25.080132530195,-28.577869294389632,-6.119188379509532
2002-04-25,-28.892926946303003,-24.721556862889614,-28.006718458265862,-5.657355638223936
2002-04-26,-28.444983496325527,-23.509849826668297,-27.056509285421885,-5.007416170572569
2002-04-27,-30.688392748788605,-22.782847026760937,-26.945457411747213,-6.362591140357591
2002-04-28,-31.594625133273134,-24.01736793595825,-25.49440162404208,-4.69205496182978
2002-04-29,-31.296460522599293,-25.24399484095652,-25.43101374581034,-4.968689867690455
2002-04-30,-30.565796331886666,-25.505935139376913,-23.355976060075754,-3.12364622166909
2002-05-01,-29.74226151768852,-25.113387439855114,-23.086827017502177,-1.9008542524824612
2002-05-02,-29.363641034150106,-26.32909736116788,-23.083429444504926,-1.6611790878602268
2002-05-03,-28.653701502917503,-27.89529438594536,-23.197413616740363,-1.487779776641392
2002-05-04,-27.736148144873688,-27.220230074597097,-22.23422643500928,-1.2271771771756976
2002-05-05,-27.65769522414642,-27.661172013131107,-24.17650935217375,-0.4249472907391454
2002-05-06,-27.82213058175528,-26.520793494146226,-24.121933896509997,0.0012148083938136045
2002-05-07,-26.187975107504684,-24.811731496305434,-24.891048344973413,-1.0654813805173808
2002-05-08,-24.992092396536705,-26.784863255607643,-24.476673752443705,0.3375475226728748
2002-05-09,-25.64935791858929,-27.093813645724136,-23.678170344479515,0.18624055160813682
2002-05-10,-25.133324345875877,-27.63393181624729,-25.748275800861165,-0.26274294738447135
2002-05-11,-25.4710075452003,-27.579432741653157,-25.828115771001432,-0.9187109249625867
2002-05-12,-26.671002915290753,-28.60740171860598,-27.480932373099748,-1.516407768377273
2002-05-13,-28.427773487042042,-27.588836870200204,-26.72558108167231,-1.3073613316208972
2002-05-14,-28.107029154164124,-29.307350232925405,-27.15097644276666,-1.624291508770968
2002-05-15,-27.09889714435191,-28.801616890903965,-27.1452992910176,-0.41496883046916544
2002-05-16,-25.842893066903528,-28.548152143566234,-26.57263859555375,-1.4097957571279496
2002-05-17,-25.672685225129648,-27.861602955373385,-26.731520270668238,-2.400655108119052
2002-05-18,-24.62314321200214,-27.714392526954665,-27.843156764700105,-0.7824571847852813
2002-05-19,-25.069494365289067,-27.35737151740708,-26.91238502744849,-1.7128718533357021
2002-05-20,-25.149636524345226,-28.371096487681417,-27.041591288743234,-1.411862519659679
2002-05-21,-22.494832131342918,-27.06229666525202,-28.506950782856055,-1.697815935012398
2002-05-22,-21.329243153480984,-26.700222274149,-28.401426569641057,0.2757330217899192
2002-05-23,-20.85244561576716,-25.762350790506066,-29.688650216174224,-0.6107585522103173
2002-05-24,-19.940718505092036,-25.72795154529921,-29.409141670473716,0.09179187496159191
2002-05-25,-21.360119289340066,-25.853315003003896,-29.964779909324033,-0.0763802762286867
2002-05-26,-20.744605318674758,-25.953477233789364,-31.22375091377655,1.3802117064901205
2002-05-27,-21.35911427281317,-25.01440635656329,-30.514609833877504,2.135159549108167
2002-05-28,-20.785135720552123,-25.280461159841717,-31.14888214253692,2.7648826577133447
2002-05-29,-20.526439360234722,-23.96702974069807,-29.003357331456044,1.5596948306678533
2002-05-30,-21.08932949828073,-23.599197145976472,-28.239441414450752,0.6131543123548575
2002-05-31,-20.768987277881415,-24.56010567970887,-27.85255208389747,2.3490598762736665
2002-06-01,-21.183916038463195,-25.688088915905478,-28.962712281966642,0.928182568947955
2002-06-02,-22.625705134762434,-26.380035063317315,-29.390028801852583,-0.17809741883374008
2002-06-03,-21.909033122699007,-27.02265939977205,-28.82411513082899,-0.6846518304289293
2002-06-04,-21.339724192819602,-26.630621076834256,-30.85231217530658,-0.22508304847839866
2002-06-05,-21.275085006746572,-28.446960734111144,-31.71550556141326,1.7323342311474859
2002-06-06,-21.38330338711438,-30.14043769249073,-32.23486180680555,1.6344397911632016
2002-06-07,-20.4843022336488,-31.029393743162526,-32.30273095837717,2.762515157221853
2002-06-08,-20.51903814850832,-31.24720031604696,-32.79540595298104,2.1633110681574705
2002-06-09,-21.115615637026256,-31.27842575459909,-33.88359719884041,2.1097115330269944
2002-06-10,-21.335144322456003,-31.677280266794394,-35.45818598555757,2.4540688183250348
2002-06-11,-22.304178382661576,-32.21556220145215,-37.06146768233635,0.41957803000203997
2002-06-12,-23.134936984215962,-33.09504247796057,-38.16794896881935,0.9414896963490096
2002-06-13,-21.93666936455104,-32.20268579566919,-38.078897728226885,1.0189266975766458
2002-06-14,-21.11341499804165,-33.212051715332166,-36.114108993504345,1.5630151680588904
2002-06-15,-21.16137408372401,-35.19948829265301,-35.162800091537484,1.4312629023332322
2002-06-16,-21.205033899749733,-35.016842350526765,-36.237721158920685,2.7573300439636066
2002-06-17,-22.39392291672028,-34.96492492875728,-36.149563835153124,2.122593877034005
2002-06-18,-22.643640445198606,-33.64189445111937,-36.27158452884855,2.125520621100594
2002-06-19,-23.426076883244825,-33.890071660596234,-36.745280517101506,2.189239611534768
2002-06-20,-23.891571779173034,-33.853169042797184,-36.74217852480606,2.9921805532595895
2002-06-21,-23.323118188938675,-33.69903338667877,-36.880490219294,4.168700383900735
2002-06-22,-22.780304529659087,-34.04856557816267,-38.645762749398976,3.958183527152815
2002-06-23,-21.122947614763486,-32.45369355402202,-37.92111934057013,3.3477702782440115
2002-06-24,-20.763073789753594,-32.56794638196188,-38.45686678882873,5.2580596967732465
2002-06-25,-21.047825656245358,-33.29281552821608,-38.24869787515738,4.912678729344223
2002-06-26,-20.801034105534075,-32.95553155725532,-37.37842734996237,4.763920226272219
2002-06-27,-20.153354661131786,-34.17321314586843,-36.69974793503519,5.275039111456417
2002-06-28,-21.056585363451564,-32.84117173109296,-34.81405490567178,4.695015489510173
2002-06-29,-21.372964227435563,-33.702595438573915,-34.908476711107,5.725848147846216
2002-06-30,-20.639245045908893,-33.08870450353668,-34.76868056210198,6.642807618543296
2002-07-01,-20.583851769612206,-32.98007982330754,-34.71591687619922,7.019966152895245
2002-07-02,-17.592713901525475,-33.55127360657953,-35.857419590609574,6.150944187789489
2002-07-03,-17.76276454372851,-32.8994989699817,-35.480080052663354,7.000126785626353
2002-07-04,-18.645034020679915,-32.02501108341058,-34.61103952641089,7.853097656256878
2002-07-05,-17.485586561258888,-30.477126097867693,-34.94234699694103,9.386375688530787
2002-07-06,-14.840120329470217,-30.72082984653081,-37.480031315089015,9.796640741322872
2002-07-07,-14.707684960102634,-30.38361119895475,-37.90639716173843,10.488782305354482
2002-07-08,-14.684409097564263,-32.440739476949744,-37.3654850297579,10.290866586612974
2002-07-09,-15.371786733598945,-32.80456728798814,-38.17316182287852,9.797044945678582
2002-07-10,-14.431691492954673,-31.879907747369067,-36.88195973630975,8.671070881340441
2002-07-11,-13.2489257884705,-30.895976730400353,-37.385046498335925,7.334141480926764
2002-07-12,-13.364315573408593,-30.232225798905542,-37.217183935569636,7.779375601599155
2002-07-13,-13.631108768842143,-29.27691034353131,-37.00819551356591,6.208383707127873
2002-07-14,-12.487378433651514,-29.871724786003025,-35.89739920923205,6.354500522684911
2002-07-15,-12.758353703114356,-29.08425225116081,-36.13747288864079,5.6133495892021195
2002-07-16,-15.037451161919236,-29.1732402990423,-34.499576575536665,5.08708180287067
2002-07-17,-14.826446818648176,-29.455323707876595,-33.846914849687074,4.7899406845384735
2002-07-18,-16.474421813864524,-29.109245619445627,-32.55813338593,4.281535318006119
2002-07-19,-17.067255440246125,-28.881097208885155,-33.17977218869489,4.419863842464294
2002-07-20,-17.05537456665917,-29.949413712199178,-33.253807037790835,3.518441325066453
2002-07-21,-17.80525626389388,-29.83363349993429,-34.93746174644895,3.940234938229917
2002-07-22,-17.04920369339077,-30.6403595490058,-36.78575610691087,3.455391872338547
2002-07-23,-16.657701787708913,-29.173978722880854,-36.81871256988983,4.261532083490116
2002-07-24,-17.11773381437624,-29.729521997779724,-35.8526814358548,3.646687646794839
2002-07-25,-16.156958700091465,-30.21159517450761,-34.96967857260997,4.476516682331062
2002-07-26,-15.536051940365436,-30.179068778663815,-35.312582465293914,3.8186962437341236
2002-07-27,-14.221649756363835,-28.49741099762556,-34.962992416862086,3.068632770964541
2002-07-28,-14.49481094049706,-26.848569086975193,-33.87754541342231,1.9326706588529505
2002-07-29,-13.763665938025001,-25.09611014343617,-33.72896291030584,2.3650181302796334
2002-07-30,-12.779904113036277,-25.085360205808904,-36.06354140513764,1.1340846783306169
2002-07-31,-11.609490274906925,-24.1955311139954,-35.37170909085751,2.1424562648250287
2002-08-01,-11.502966210388733,-22.401354751780858,-35.79065186687313,3.107782380908736
2002-08-02,-12.432217351752884,-21.10366534738024,-35.257647868818474,3.402124810322829
2002-08-03,-13.277369012729547,-21.747348347271306,-35.096514287484,4.4422188281094055
2002-08-04,-13.772016348959085,-22.83897540755808,-36.00952756254594,5.377046708912659
2002-08-05,-14.283668460963206,-22.300708490482787,-36.608883729613815,5.314866896307793
2002-08-06,-13.793498346476788,-23.07359755549672,-37.10782565457488,5.723415578270525
2002-08-07,-13.294564428437813,-23.169739326401242,-38.042701418445084,5.6227658899317055
2002-08-08,-12.098808367669601,-23.866961698409927,-39.514442215659265,7.27611433350018
2002-08-09,-10.552264883406218,-24.042830543905108,-38.25962910064687,5.9820425335023835
2002-08-10,-11.462172091439669,-24.797023042858285,-37.918782610468796,6.480105280535974
2002-08-11,-11.801662096010936,-24.700338322825285,-37.91158598881866,6.129258317898408
2002-08-12,-11.340256896498142,-24.79276766084495,-36.986473954113904,5.816251414417998
2002-08-13,-11.184708307910212,-23.921144902731765,-34.49499596797688,5.071775386970088
2002-08-14,-11.756887597155115,-24.152133991551086,-34.77695107494685,6.7121570980157115
2002-08-15,-11.838389511913494,-23.146139422604623,-34.34022676200268,5.867456669186475
2002-08-16,-12.489351397200519,-22.70106212298355,-35.986247348997885,5.7521711144119045
2002-08-17,-12.188694507436553,-22.200973170871986,-35.04346903506141,5.915546503979689
2002-08-18,-12.438236948541048,-20.697090524078213,-35.472757949408674,6.274306870520963
2002-08-19,-12.635405581516517,-20.243182886418825,-36.960780694657316,5.732849896187626
2002-08-20,-12.523374977092908,-19.267751677342133,-37.70276064021443,5.50076744191799
2002-08-21,-15.613094355143005,-20.148510586815828,-36.58791143895554,5.312425807680939
2002-08-22,-15.371384947524271,-19.442214230782167,-36.18268940687966,3.554518968752842
2002-08-23,-13.894394772034618,-21.174632165670612,-36.35799730788425,3.1858252279483836
2002-08-24,-13.417781902985336,-20.766545394309187,-36.09355261734593,2.6703141322229405
2002-08-25,-12.094687018556643,-21.33430317143584,-35.91949419560406,1.3813625653168182
2002-08-26,-12.807714216368572,-20.469802191367272,-34.48107684200543,0.07524060426029755
2002-08-27,-12.318622760140187,-19.883383566272588,-35.56690518141043,1.2550602201616603
2002-08-28,-9.765220584609427,-19.10664364785294,-36.21831771961489,-0.4524474998652759
2002-08-29,-11.181595619216068,-19.90256111406229,-36.01984663042568,0.7567891273096137
2002-08-30,-12.585226992566852,-20.180822859901376,-36.381439750263844,1.830364183164853
2002-08-31,-13.709673016166995,-18.59657024639397,-35.6836079607985,1.3235041034730053
2002-09-01,-13.232396245441992,-17.56938153069746,-35.24105695573158,0.07222433450575183
2002-09-02,-12.69768588543393,-16.551751149444392,-35.13102011576544,-0.870778632781369
2002-09-03,-12.512137024651693,-15.774946966190889,-36.06477495128074,-2.8582933453239843
2002-09-04,-13.48450795545601,-15.972993042801383,-35.104933285270725,-2.982506382278542
2002-09-05,-13.164144961081908,-15.943349225545782,-34.17904604277665,-4.013520868857563
2002-09-06,-13.641279868690638,-16.12258149071403,-33.778135782752976,-2.5862954936868023
2002-09-07,-13.735877950704078,-16.968921296771338,-32.487480730765576,-1.4520060080464758
2002-09-08,-15.12324757293175,-16.054553276439393,-34.1017869146409,-2.3179737820589135
2002-09-09,-15.597547373012539,-17.458244311969658,-32.847001805917415,-2.5487582319416324
2002-09-10,-14.977065289364768,-17.191736779193675,-33.34932709203838,-2.874995525159573
2002-09-11,-15.29678570719424,-17.91767438690024,-35.10994898289644,-3.0730367831188925
2002-09-12,-16.852718546868417,-15.767846025222045,-35.4826752728028,-3.9440286645207068
2002-09-13,-17.614590056423832,-16.251305458552185,-34.84878351906223,-4.266313657535893
2002-09-14,-15.530079600174412,-17.18576066018284,-34.69151371218179,-5.607073763248764
2002-09-15,-14.563932924482847,-18.131651353127282,-35.022094886925395,-6.322096741589138
2002-09-16,-12.784506831674612,-17.728621986264255,-34.06552353759411,-4.881096463996382
2002-09-17,-12.614979059884735,-17.590512813541757,-33.933976057994265,-5.4469770692505906
2002-09-18,-13.379397044366502,-17.390329240501806,-35.500070102451076,-4.225730594068525
2002-09-19,-12.589303536064728,-18.722182164190286,-35.80640176926892,-3.556196166248706
2002-09-20,-12.940064733242895,-17.922228261939445,-34.458313367388804,-4.728256689298499
2002-09-21,-12.69193022201075,-17.42054295133045,-33.32915428729028,-6.425707836407639
2002-09-22,-12.552825512977341,-17.709853716167903,-33.62133501053942,-7.246605540428636
2002-09-23,-12.641852530070084,-18.15739362718017,-33.87644765355421,-6.298683691377147
2002-09-24,-11.3870955917281,-19.401170520995606,-34.60410909959074,-6.902715584755352
2002-09-25,-10.85037348955623,-17.572559430294973,-35.49672886541223,-4.828177957396422
2002-09-26,-11.619953593445413,-17.808142171003837,-36.58978938231552,-4.161103254571941
